Product Name,Rating,Total Ratings,Price,Type,Platform,Categories
WELLY Embroidered Semi Stitched Lehenga Choli Set (RAMA),3,1,"1,699",Lahenga,Amazon,Cloth
"Women,s Tussar Silk With Leheriya And Foil Print Lehenga choli Set (PINK)",2.6,6,"1,299",Lahenga,Amazon,Cloth
ASHA Women's Only Lehenga,2.7,4,99,Lahenga,Amazon,Cloth
Women's Heavy Gorgatte Semi-Stiched Lehenga Choli,3.7,122,699,Lahenga,Amazon,Cloth
Women's Slab Silk Semi Stitched Lehenga Choli In Multicolour Colour SF218ver-31,2.2,9,"2,699",Lahenga,Amazon,Cloth
Welk Embroidered Semi Stitched Lehenga Choli Set (RAMA),3.7,122,"1,699",Lahenga,Amazon,Cloth
Women's Floral Organza Semi Stitched Lehenga Choli,3.6,"1,247",249,Lahenga,Amazon,Cloth
Women's Georgette Embroidery Lehenga Choli With Dupatta Set,3,2,"1,299",Lahenga,Amazon,Cloth
"Women's Organza Floral White Semi-Stitched Lehenga Choli (7611-Wedding-Floral-Lehenga-Latest, White)",4,893,"3,369",Lahenga,Amazon,Cloth
Women Heavy Net Semi-Stiched Embrodary Lehenga Choli with Dupatta,3,16,699,Lahenga,Amazon,Cloth
Women's Georgette Semi Stitched Lehenga Choli In Multicolour Colour Chaniyacholisf218ver-13,3.8,94,"2,499",Lahenga,Amazon,Cloth
Women's Embroidered Georgette Lehenga Choli for Women I Morpeach I Designer I New I Bridal I Navratri I Bollywood I Letest I Stylish I Ready to wear I Lehenga for women,4.4,164,"2,497",Lahenga,Amazon,Cloth
Embroidered Semi Stitched purple Lehenga Choli with duptta (PURPLE),3.1,12,"1,699",Lahenga,Amazon,Cloth
Women's Party Semi-Stitched Sequence Net Lehenga Choli with Dupatta,5,1,849,Lahenga,Amazon,Cloth
Binali Women Best Purple Semi Stitched Lehenga Choli,3.7,122,"1,849",Lahenga,Amazon,Cloth
Women's Net Sequence Embroidery Lehenga Choli with Dupatta | Semi-Stitched Lehenga Choli,4.5,29,"1,749",Lahenga,Amazon,Cloth
Women's Heavy Organza Embrodary Semi-Stiched Lehenga Choli And Dupatta Set,3.1,10,799,Lahenga,Amazon,Cloth
Women's Sequine Embroidered Work Georgette Fabric Lehenga Choli With Dupatta (_Semi Stitched).,4.4,42,"1,999",Lahenga,Amazon,Cloth
Swara's Embroidered Semi Stitched Lehenga Choli (PURPLE),3.7,122,"1,699",Lahenga,Amazon,Cloth
Welk Embroidered Semi Stitched Lehenga Choli Set (RAMA),3.7,122,"1,699",Lahenga,Amazon,Cloth
Women's Tussar Silk With Patola Print Lehenga choli (MAROON),3.7,122,"1,299",Lahenga,Amazon,Cloth
"Women,s Tussar Silk With Leheriya And Foil Print Lehenga choli Set (PEACH1)",3.5,5,"1,399",Lahenga,Amazon,Cloth
Women's Silk Blend Embroidery Lehenga Choli Maroon Colour,5,1,999,Lahenga,Amazon,Cloth
Women's Georgette Semi-stitched Lehenga Choli Set,3.6,360,999,Lahenga,Amazon,Cloth
"Women's Georgette Embroidery Work Lehenga Choli With Dupatta (6018-New-Bridal-Latest-Wedding-Lehenga-White,Free size)",4.5,17,"2,498",Lahenga,Amazon,Cloth
Women's Net Embroidered Semi-Stitched Lehenga Choli,3.4,574,899,Lahenga,Amazon,Cloth
madhuram women'S Georgette Lehenga And Choli With Long Shrug Set For Solid With Heavy Embroidery Work Set(M-2410),4.5,16,"1,599",Lahenga,Amazon,Cloth
BinaliUnimaginable Cream Sequins Embroidered Soft Net Lehenga Choli,3.7,122,"1,949",Lahenga,Amazon,Cloth
Women's Jacquard Semi-Stitched Lehenga choli(Lihaaz),4.2,26,869,Lahenga,Amazon,Cloth
Women's Net Embroidery Lehenga Choli with Dupatta (L66-White),4.5,140,"2,697",Lahenga,Amazon,Cloth
"Women's Georgette Digital Printed Stitched Lehenga/Skirt/Suit, 0.80 Mtr Printed Unstitched Blouse, Stylish Georgette Printed Dupatta (Katrina Kaif Lehenga With Choli_Cream_ Free Size)",3.5,40,799,Lahenga,Amazon,Cloth
"Omkar Tex's Designer Grey Lehenga Choli Set for Party, Wedding, Engagment, Ethnic etc",4.4,24,"2,799",Lahenga,Amazon,Cloth
Women's Sequins Zari Embroidered Georgette Lehenga Choli with Dupatta (300-Wedding-Bridal-Latest-New-Stylish; Free Size),4.3,79,"3,999",Lahenga,Amazon,Cloth
Omkar Tex's Cream Designer Lehenga choli with Dupatta set,4.1,42,"2,899",Lahenga,Amazon,Cloth
Women's Embroidered Net Lehenga Choli for Women II Gold II Designer II New I Bridal II Navratri II Bollywood II Letest I Stylish II Ready to wear II Lehenga for women,4,13,"2,809",Lahenga,Amazon,Cloth
new stone and Embroidery work half saree styled kids lehenga choli for girls,1,1,"1,259",Lahenga,Amazon,Cloth
Women's Net Embroidered Semi-Stitched Bridal New Lehenga Choli with Dupatta (7315-Peach-Green-Wedding-Latest-Lehenga; Free Size),4.3,169,"4,898",Lahenga,Amazon,Cloth
Girls Lehenga Choli Set,3.7,122,"1,469",Lahenga,Amazon,Cloth
Girls Lehenga Choli Set,3.7,122,969,Lahenga,Amazon,Cloth
Women's Georgette Semi-stitched Lehenga Choli,3.5,142,975,Lahenga,Amazon,Cloth
Women's Georgette Semi Stitched Lehenga Choli In Dark Blue Colour Chaniyacholisf218ver-7,4.1,7,"2,449",Lahenga,Amazon,Cloth
WELLY Embroidered Semi Stitched Lehenga Choli Set (MAROON1),3,1,"1,699",Lahenga,Amazon,Cloth
Women Net Semi-Stitched Lehenga Choli Set,5,10,"3,279",Lahenga,Amazon,Cloth
Women's Sequins Zari Embroidered Georgette Lehenga Choli with Dupatta (400-Wedding-Bridal-Latest-New-Stylish; Free Size),4.5,18,"3,898",Lahenga,Amazon,Cloth
Women's Silk Semi stitched Lehenga Choli (7035-Wedding-Bridal-Latest-Lehenga-Choli_Peach_Free Size),4.4,540,"6,598",Lahenga,Amazon,Cloth
Women's Net Embroidered Semi-Stitched Lehenga Choli,2.8,10,799,Lahenga,Amazon,Cloth
Women's Silk Semi-stitched Lehenga Choli With Dupatta,3.3,57,697,Lahenga,Amazon,Cloth
Binali Awesome White Sequence Embroidered Georgette Lehenga Choli,3.7,122,N/A,Lahenga,Amazon,Cloth
Women's Net Embroidered Semi-Stitched Lehenga Choli(Green-Rani_Green_Free Size),3.5,871,899,Lahenga,Amazon,Cloth
Women's Jacquard Semi-Stitched Lehenga choli,4,483,869,Lahenga,Amazon,Cloth
Omkar Tex's Designer Light Pink Lehenga Choli Set (Semistiched),4.1,18,"2,799",Lahenga,Amazon,Cloth
Women's Sequins Embroidered Georgette New Lehenga Choli with Dupatta (5061-Black-Wedding-Designer-New; Free Size),5,1,"2,769",Lahenga,Amazon,Cloth
Women's Leheriya Print Pure Georgette New Semi-Stitched Lehenga Choli With Dupatta (5049-Blue-Stylish-Wedding--New; Free Size),4.3,14,"2,698",Lahenga,Amazon,Cloth
"Women's Indian Traditional Unstitched Kanjivaram Kanchipuram Silk Pure Zari Weaving Lehenga Choli Along With Dupatta With Unstitch Blouse, Half Saree (HT_54)",3.9,45,899,Lahenga,Amazon,Cloth
Traditional Worked Lehenga Choli With Stitched Blouse and Cotton Dupatta Having Gotta Border Work (White),1,1,"1,589",Lahenga,Amazon,Cloth
WELLY Embroidered Semi Stitched Lehenga Choli Set (PURPLE1),3,1,"1,699",Lahenga,Amazon,Cloth
Letest Design chain embroderied Work Woman s Flered Lehenga choli.(Semi Stitched),3.1,98,799,Lahenga,Amazon,Cloth
Women`s Net Embroidered Semi Stiched Lehenga Choli(PL410_Pink_Free Size),3.5,43,629,Lahenga,Amazon,Cloth
Parth Fashion Womens/Girls Traditional Bandhani Bandej Kota Doria Ready to Wear Lehenga & Dupatta With Unstitched Blouse,2.5,2,"1,199",Lahenga,Amazon,Cloth
Baby Girl's Jacquard Readymade Lehenga Choli,4.2,"1,410",949,Lahenga,Amazon,Cloth
Binali Admire Pink Chinon Mirror With Embroidery Designer Lehenga Choli,1,1,"1,799",Lahenga,Amazon,Cloth
Women's Resham Sequins Mirror Work Georgette Lehenga Choli with Dupatta (5084-Pista-Wedding-Stylish-Latest; Free Size),4.8,6,"4,898",Lahenga,Amazon,Cloth
Swara's Embroidered Semi Stitched Lehenga Choli (PURPLE),3.7,122,"1,699",Lahenga,Amazon,Cloth
Womens Net Semi-Stitched Lehenga Choli With Dupatta Set,3.8,191,698,Lahenga,Amazon,Cloth
Women's Purple Faux Georgette Stitched Top with Bottom and Dupatta Full Sleeve Embroidered Flared Lehenga,5,1,"1,994",Lahenga,Amazon,Cloth
New Designed South Indian Lehenga Choli For women And Girls-Kumkum.…,5,3,599,Lahenga,Amazon,Cloth
Women's Jacquard Semi-Stitched Lehenga choli,4.2,631,869,Lahenga,Amazon,Cloth
"Women's Embroidery Kanchipuram Kanjivaram Indian Traditional Style Velvet Zari Weaving Un-Stitched Traditional Lehenga Choli Set, Half Saree",4.6,3,"1,197",Lahenga,Amazon,Cloth
Women's Georgette Semi Stitched Lehenga Choli In Blue Colour Wedding Lehenga CholiForWomenSF218ver-8,3.3,11,"2,599",Lahenga,Amazon,Cloth
Women's Tussar Silk With Dot & Ikkat Print With foil work Lehenga Choli Set,5,2,"2,499",Lahenga,Amazon,Cloth
Women Tussar Silk With Patola Print And Foil Work Lehenga choli (WHITE),1,1,"1,299",Lahenga,Amazon,Cloth
Ready To Wear Lehenga Choli For Women Bollywood Style Chinon Silk Fabric On Fully Stitched With Canvas & Can Can,2.3,3,"2,797",Lahenga,Amazon,Cloth
South indian Traditional Unstitched Narayanpet Half Sareee,3.6,88,999,Lahenga,Amazon,Cloth
Women's Georgette Semi Stitched Lehenga Choli In Multicolour Colour LEHENGACHOLIFORWEDDINGSF218ver-13,3.2,5,"2,599",Lahenga,Amazon,Cloth
"Women,s Tussar Silk With Leheriya And Foil Print Lehenga choli Set",4.4,26,"1,569",Lahenga,Amazon,Cloth
Soft Dola Silk Bandhani Print Lehenga Collection with Embroidery Dupatta (wine),3.7,122,"1,399",Lahenga,Amazon,Cloth
Women's Organza Semi-Stitched Lehenga Choli,3.5,280,969,Lahenga,Amazon,Cloth
"Lehenga Shrug Set For Women - Wine Georgette Zari Sequence Embroidered Lehenga Choli With Shrug For Wedding, Function, Ethnic Wear",4,18,"3,129",Lahenga,Amazon,Cloth
Women's Red Organza Woven Design Lehenga Choli With Dupatta,4.6,3,"1,429",Lahenga,Amazon,Cloth
Riya Women's Golden Zari and Sequins Work Art Silk Semi-Stitched Lehenga Choli,3.7,122,"1,899",Lahenga,Amazon,Cloth
Women's Embroidered Silk Semi-stitched Lehenga Choli (Pink),3.7,25,"1,499",Lahenga,Amazon,Cloth
"Women,s Tussar Silk With Leheriya And Foil Print Lehenga choli Set (WINE3)",4.7,5,"1,399",Lahenga,Amazon,Cloth
Women's Tussar Silk With Leheriya Printed And Foil Print Lehenga choli Set,4.5,2,"1,579",Lahenga,Amazon,Cloth
Women's Jacquard Semi-Stitched Lehenga choli,4,774,746,Lahenga,Amazon,Cloth
Women's Net Semi-stitched Lehenga Choli……,3.5,514,549,Lahenga,Amazon,Cloth
Women's Stylish Floral Velvet Heavy Embroidery Lehenga Choli With Dupatta Set,3,1,949,Lahenga,Amazon,Cloth
Women's Net Embroidered Semi-Stitched Lehenga Choli(Multicolor_Free Size),3.5,10,786,Lahenga,Amazon,Cloth
South indian Fancy Designer Flared Bridal lehenga Choli For Girls-Kumkum.,4,33,599,Lahenga,Amazon,Cloth
Women's Kanjiveram Silk pure Un-Stich Zari lehanga with blouse along with Duppta,5,1,999,Lahenga,Amazon,Cloth
Women's Jacquard Semi-Stitched Lehenga choli(Chahat),4,20,899,Lahenga,Amazon,Cloth
Women's Satin Silk Semi Stitched Lehenga Choli In Blue2 Colour Wedding Lehenga CholiForWomenSF218ver-5,3.6,6,"2,999",Lahenga,Amazon,Cloth
Women's Tussar Silk With Leheriya And Foil Print Lehenga choli Set (WINE2),3.5,3,"1,399",Lahenga,Amazon,Cloth
"Women's Velvet Embroidery Work Lehenga Choli With Dupatta(L79-New-Bridal-Latest-Wedding-Lehenga-Maroon,Free size)",4.3,22,"3,209",Lahenga,Amazon,Cloth
Women's Gerogette Semi Stitched Black Lehenga Choli,3.6,12,999,Lahenga,Amazon,Cloth
Women`s Net Embroidered Semi Stitched lehenga Choli,3.3,40,"1,000",Lahenga,Amazon,Cloth
"Women,s Tussar Silk With Leheriya And Foil Print Lehenga choli Set (PINK4)",3.8,6,"1,399",Lahenga,Amazon,Cloth
"Women,s Tussar Silk With Leheriya And Foil Print Lehenga choli Set (BLUE)",3.7,25,"1,299",Lahenga,Amazon,Cloth
Women Lehenga Choli,3.5,8,949,Lahenga,Amazon,Cloth
Women's Chikankari Sequins Embroidery Georgette Lehenga Choli with Dupatta Lehenga Choli with Dupatta,4.4,15,"2,549",Lahenga,Amazon,Cloth
madhuram women'S Georgette Lehenga And Choli With Long Shrug Set For Solid With Heavy Embroidery Work Set(M-2410),4.5,16,"1,599",Lahenga,Amazon,Cloth
Zora Carpet Wool Handmade Tufted Carpet for Living Room Bedroom Drawing Room Hall and Floor Size-5 X 8 Ft Yellow,3,1,"7,880",Home Decor,Amazon,Decorative Item
"NACIA Pouffes Stool for Living Room Set of 2 Sitting Ottoman Foam Cushioned Pouffe Puffy for Foot Rest Home Furniture with 4 Wooden Legs Velvet Stool for Office Home Decor, 16 Inch, Green",4.8,9,"3,099",Home Decor,Amazon,Decorative Item
FarKraft Flower Vase | White Vase | Pampas Grass Vase | Ceramic Vase | Round Shaped Vase | Home Decor Centrepiece | Decor Showpiece Donut Vase 6 & 8 Inches (Pack of 2),4.3,81,799,Home Decor,Amazon,Decorative Item
"Dekorly Artificial Potted Plants, 8 Pack Artificial Plastic Eucalyptus Plants Small Indoor Potted Houseplants, Small Faux Plants for Home Decor Bathroom Office Farmhouse (Set 0F 8)",4.2,"7,093",299,Home Decor,Amazon,Decorative Item
Decazone Macrame Indoor Wall Hanging Shelf Chic Decor Wood Floating Boho Shelves with Wooden Dowel Hand Woven Bohemian Decor for Apartment Dorm Bedroom Living Room Nursery Beige 60 x 30cm,4.2,"1,271",284,Home Decor,Amazon,Decorative Item
"FUNTEREST Gold Metal Wall Decor Leaf Wall Hanging Decoration, Set of 3 Metal Wall Art Home Decor for Living Room Office Bedroom Hotel",3.6,366,"1,035",Home Decor,Amazon,Decorative Item
"Litleo Plastic Artificial Plants Mini Fake Potted Plants, Small Eucalyptus Potted Faux Decorative Grass Plant With White Pot For Home Decor, Indoor, Office, Desk, Shelf, Table Decoration (Pack Of 4)",4,"1,034",197,Home Decor,Amazon,Decorative Item
"Desidiya ® 20 Photo Clip LED String Lights for Photo Hanging, Birthday, Festival, Wedding, Party for Home, Patio, Lawn, Restaurants Home Decoration (Warm White)",4,"24,436",299,Home Decor,Amazon,Decorative Item
eCraftIndia Meditating Monk Buddha Smoke Backflow Cone Incense Holder Decorative Showpiece with 10 Free Smoke Backflow Scented Cone Incenses,3.7,"2,995",140,Home Decor,Amazon,Decorative Item
"Woodsify 3d Wooden World map 05-Home Wall Decor Travel Map House Warming Educational Anniversary Gift, Living Room Wall Decoration (X-Large, 79""*47"")",4.7,136,"16,050",Home Decor,Amazon,Decorative Item
"KridayKraft Prince Home Decor & Gifts Metal Krishna With Cow Standing Under Tree Plying Flute (Gold, 12.5X8X16Cm), 1 Piece",4.3,"1,685",289,Home Decor,Amazon,Decorative Item
Artvibes Designer Elephant Wooden Wall Hanging For Home Decor | Hamsa Hand Decoration for Livingroom | Modern Artworks Items | Peace Charm Door Accent Decorative Hangings (WH_8506N),4,166,199,Home Decor,Amazon,Decorative Item
"wolpin Tree Key Holders with Tray for Dressing Table Home Decor Hallway Multiple Key Hanger, Watch Holder Decorative Storage Box, White",4,171,208,Home Decor,Amazon,Decorative Item
"Decor incredible Metal Wall Decor - Stunning Ginkgo Wall Hanging Art for Home/Living Spaces [Size 37x2x21inch] Analog, Multicolor",4,147,"1,410",Home Decor,Amazon,Decorative Item
CPENSUS Moving Sand Art Picture Glass Liquid Painting 3D Natural Landscape showpieces for Home Decor Antique Gifts for Kids Office Desktop Decoration Desk Table Decorative Items,3.9,757,499,Home Decor,Amazon,Decorative Item
"Painting Mantra - Multicolor Jardine Birds Set of 4 Brown Framed Painting,UV Textured Art Prints (9 x 9 inch)",4,"3,717",319,Home Decor,Amazon,Decorative Item
"UHUD CRAFTS Hanging Shelves - Adjustable Rope Hanging Shelf, Wall Hanging Decor, Lightweight, Premium Wooden Shelf, Hanging Plant Shelf for Bedroom and Living Room (1 Pcs)",4.1,347,169,Home Decor,Amazon,Decorative Item
"TIED RIBBONS Resin Buddha Monk Statues, Small, Multicolour, Set of 4",4.4,"12,614",199,Home Decor,Amazon,Decorative Item
"SATYAM KRAFT 3 Pcs Artificial Flowers Small Fake Flower Faux Pampas Fluffy for Home, Office, Bedroom Decoration (Without Vase Pot) (Light Brown, Fabric)",4.1,571,399,Home Decor,Amazon,Decorative Item
FAIRY FIRST Resin Set Of 4 Buddha Monk Statues Miniature Figurines Showpiece For Wall Shelf Table Desktop Car Dashboard Decoration Home Office Decor (Cute_Buddha_Set-Of-4),4.5,112,99,Home Decor,Amazon,Decorative Item
"Indianara Set of 3 Beautiful Flower vases Framed Art Painting (6 X 13, 10.2 X 13, 6 X 13 inch)-Multicolour",4.1,"3,465",229,Home Decor,Amazon,Decorative Item
Amazon Brand - Solimo Wooden Home and Wall Decor Items | Set of 5,4.1,65,189,Home Decor,Amazon,Decorative Item
"Bikri Kendra - Hexagon 20 Golden mirror stickers for wall, hexagon mirror wall stickers, acrylic mirror sticker, hexagonal mirror wall sticker, wall mirror stickers,wall stickers for hall room, (Gold)",3.8,"7,371",249,Home Decor,Amazon,Decorative Item
"eCraftIndia Buddha Showpiece (22cm x 16 cm x 6 cm, Blue) - Polyresin",3.9,"2,741",299,Home Decor,Amazon,Decorative Item
"eCraftIndia Antique Music Decorative Canon Brass Showpiece (10 cm x 10 cm x 23.75 cm, Red and Brown)",3.4,"9,844",345,Home Decor,Amazon,Decorative Item
"Zulaxy Photo Frame Hooks for Wall Without Drilling, 10 Pack Self Adhesive Hooks for Wall Heavy Duty Strong Nail Free for Hanging Photo Frame (Hanging Hook, Transparent) Stainless Steel",3.7,"4,447",274,Home Decor,Amazon,Decorative Item
"DULI Dream Catcher with Lights, Home Decor, Handmade Dreamcatcher for Bedroom, Balcony, Garden Bedrooms, Party, Cafe,Home Wall,Hanging Design, Height76cm,Dream Catchers (DC30withLight: Multi)",4,137,275,Home Decor,Amazon,Decorative Item
"Homesake® Lamp, Table Lamp, Night Lamp for Bedroom, Home Decor Items, Lamp for Living Room, Light Lamp, Bedside Lamp, Room Decor, Dovel Pot - (Wooden Base, Birds)",4,824,928,Home Decor,Amazon,Decorative Item
Artvibes Decorative Wall Art MDF Wooden Hanger for Living Room | Good Vibes Only | Bedroom | Home Decor | Office | Gift | Quotes Item | Wall Hanging For House Decoration | Wall Art(WH_6502N),4.3,"3,517",239,Home Decor,Amazon,Decorative Item
Dekorly® 4 Packs Artificial Potted Plants Bathroom Fake Shelf Plant Office Table Decor Mini Green Faux Topiary Kitchen Cabinet Farmhouse Decorations (4 Plastic Pots),4,429,299,Home Decor,Amazon,Decorative Item
eCraftIndia Colorful 4 Monks Buddha Figurines - for Home Decor| Office Decor| Chrismas Decor| Diwali Decor| Vaastu Decor| Fengshui,4.5,413,198,Home Decor,Amazon,Decorative Item
"SPHINX Ceramic Donut Vase, Flower Vase Pampas Grass Vase, Vase Home Decor Centrepiece Decor for Home, Office, or Gifts-Vase Only - (White, 6 inch)",4.6,34,269,Home Decor,Amazon,Decorative Item
"SPHINX Decorative Glass Vase for Flowers Plants Home Decor Office Living Table Decorations, Vases for Home Decor, Luster Glass Vase,Modern Glass Vase - (Crystal Amber, Approx 9 Inches Height)",3.9,30,239,Home Decor,Amazon,Decorative Item
"Wagon Brand | Handmade Cotton Macrame Wall Hanging Mirror with Boho Fringes, Bohemian Art Decorative Aina for Make-Up, Off-White, Dia 18 Inches, Style 2275-10, Framed, Round (Off White)",4,36,490,Home Decor,Amazon,Decorative Item
"eCraftIndia handicrafted Decorative Wall/Door/Window Hanging Bells Wind Chimes Showpiece for Home Decor, Wall Decor, Pooja Room Temple, Diwali Gift, Corporate Gift",4,"5,708",179,Home Decor,Amazon,Decorative Item
"SAF Preety Floral Flower and Leaf in Cone Pot 3 Piece UV Textured Multi-Effect Self adheshive Painting 17 Inch X 17 Inch SANFHX141,Multicolour",4,"4,884",164,Home Decor,Amazon,Decorative Item
MUNDEYA Artificial Garlands Hanging Leaves Greenery Vine Creeper Plants for Home Decor Main Door Wall Balcony Office Decoration Party Festival Craft (8 Feet) (Pack of 3),4.1,805,199,Home Decor,Amazon,Decorative Item
"Perpetual Ganesh Idol for Car Dashboard - Beatiful Ganapati Idol for Home Decor, Office Desk, Diwali Gifts Polyresin Figurine",4,179,120,Home Decor,Amazon,Decorative Item
RUCON® 3D Moon lamp 7 Multi Colors Changing Touch Sensor for Adult and Kids with Wooden Stand Night Lamp for Bedroom Home Decorations Light -15cm,4.2,"3,115",649,Home Decor,Amazon,Decorative Item
"Gokich Metal Tabletop Water Fountain - Decor Ornaments with Waterfall Desktop Lotus Fountains, Deep Basin and Natural River Rocks, Indoor Zen Relaxation for Office, Bedroom Decor Item (Golden, 1 PCS)",4.7,15,"1,389",Home Decor,Amazon,Decorative Item
INDULGE HOMES - White Vase/Flower Vase/Pampas Grass Vase/Ceramic Vase/Round Shaped Vase/Home Decor Centrepiece/Decor Showpiece Donut Vase 6 & 8 Inches (Pack of 2),4.2,573,799,Home Decor,Amazon,Decorative Item
"Global Grabbers Polyresin Sitting Buddha Idol Statue Showpiece for Home Decor Decoration Gift Gifting Items-GOL4-BS2-(00), Gold",4.2,"17,788",429,Home Decor,Amazon,Decorative Item
R A CREATIONS Deer Frame Metal Wall Art- Set Of 3 | Metal Wall Art | Deer Metal Wall Art For Living Room | Wall Decor | Wall Art Decor - 140L x 53W Centimeters,5,1,"2,399",Home Decor,Amazon,Decorative Item
ShadowKart Ottoman Pouffes Stool for Living Room Sitting Furniture Footrest Seat Pouf Puffy Foam Stool Foot Stool for Office Home Decor (Aqua),4.3,23,"1,661",Home Decor,Amazon,Decorative Item
"SR CREATIONS Ottoman Pouffes Sitting Stool for Living Room Velvet Wooden Furniture Puffy Footrest Foot Footrest Seat Pouf Footstool for Office Home Decor, 16x16x17 Inches, Green",4.6,19,"2,749",Home Decor,Amazon,Decorative Item
"KridayKraft Metal Ganesha ji Statue,Ganpati Wall Hanging Sculpture Lord Ganesh Idol Lucky Feng Shui Wall Decor Your Home, Office,Religious Gift Article Decorative,Showpiece Figurines...",4.5,"1,374",284,Home Decor,Amazon,Decorative Item
Zintex Modern Decorative Iron Metal Hanging Wall Art Clock for Home & Decor Living Room/Bedroom/Dining Hall/Office/Cafes/Hotels,3.6,137,"1,080",Home Decor,Amazon,Decorative Item
"ARTIHC Buddha Head Black & Gold 13.5 * 6.5 cm Polyresin Statue for Home Decor, Festive Decoration & Gifting with Crown Idol face Decorative Polyresin Statue",3.7,14,180,Home Decor,Amazon,Decorative Item
"Dekorly Artificial Potted Plants, 8 Pack Artificial Plastic Eucalyptus Plants Small Indoor Potted Houseplants, Small Faux Plants for Home Decor Bathroom Office Farmhouse (Multi-L)",3.8,62,299,Home Decor,Amazon,Decorative Item
"Dime Store Wall Shelves for Home Decor Items, Living Room and Bedroom | Wall Mount Wooden Wall Shelf",4,"5,000",440,Home Decor,Amazon,Decorative Item
Furniture Cafe Wooden Wall Shelves | Corner Hanging Shelf for Living Room Stylish | Zig Zag Home Decor Floating Display Rack Storage Organizer Unique Design with Finish 5 Tiers (Brown Finish),4.3,"11,556",749,Home Decor,Amazon,Decorative Item
TIED RIBBONS Multicolor Flowers with Mercury Glass Vase for Home Decor Center Table Bedroom Living Room and Office Decoration (Multicolor),4,"3,158",499,Home Decor,Amazon,Decorative Item
"VRB DecTM Artificial Greenery Ferns Plants Vines Fake Ivy Hanging Flowers Vine Pine Needle Wall Hanging for Home Decor Door Wall Balcony Decoration Party Festival Craft (Euclyptus Hanging, 1) Plastic",3.5,407,299,Home Decor,Amazon,Decorative Item
Dime Store Wooden Wall Shelves | Corner Hanging Shelf for Living Room Stylish | Zig Zag Home Decor Floating Display Rack for Storage,4,"3,465",739,Home Decor,Amazon,Decorative Item
"VIBEYE Wooden Wall Hangings For Home Decoration - Decorative Items For Home - Used As A Room Decor Items For Bedroom, Office, Kitchen, Living Room, Cafe's…",3.8,25,269,Home Decor,Amazon,Decorative Item
"SATYAM KRAFT 6 Pcs Flameless and Smokeless Decorative Crystal Candles Transparent Acrylic Led Tea Light Candle for Decoration (6 Pieces, Yellow, 2 cm)",4.1,731,248,Home Decor,Amazon,Decorative Item
"Auradecor Moroccan Lantern, Tealight Candle Holder with Tealight Candle for Home Decor Home Decor and Gift, Diwali, Festival, Indoor & Outdoor Use (Red, Pack of 2)",5,11,249,Home Decor,Amazon,Decorative Item
DecoreBugs Artificial Potted Plants in Wooden Pot (4 Pack) Eucalyptus Plants Small Plants for Home Decor | Office Decor |DB-8149,4,414,299,Home Decor,Amazon,Decorative Item
Home Sizzler 144 TC Microfibre Kid's Giraffe Double Bedsheet with 2 King Size Pillow Covers (Yellow),4,"1,681",439,Home Decor,Amazon,Decorative Item
"eCraftIndia Multicolor Polyresin Love Animated Characters Decorative Showpiece for Valentine's Day, for Expressing Love - Best Choice for Girlfriend, Boyfriend, Husband, Wife",4.2,88,299,Home Decor,Amazon,Decorative Item
"Exporthub 1 Piece Beautiful Polyester Door Threads String Curtain - 7ft, White (EHSPR558_74)",3.7,"4,251",199,Home Decor,Amazon,Decorative Item
"kotart - Premium Digital Madhubani Art Paintings with Frame for Home Decor - Framed Wall Painting for Living Room Bedroom Office Room Decor - Painting for Wall Decoration - (10x13 inch, Art 1)",5,1,"1,399",Home Decor,Amazon,Decorative Item
VRB DecTM 5 Pcs Artificial Baby's Breath Gypsophila Flower Sticks for Home Decoration | Faux Flowers for Vases | Decoration Items for Living Room|Home Decor|Diwali Decor|Chritmas (Maroon (Dark Red)),3.8,14,399,Home Decor,Amazon,Decorative Item
"SATYAM KRAFT 5 Pcs Artificial Chrysanthemum Ball Hydrangea Flower Stick for Home, Office Decoration and Craft - (Pack of 5) (Blue)(Without Vase)(Fabric)",4.2,"2,910",269,Home Decor,Amazon,Decorative Item
"JaipurCrafts Sparkle Square Gramophone Showpiece - 23 cm (Brass, Brown, Gold)",3.4,514,299,Home Decor,Amazon,Decorative Item
Naayaab Craft Wooden Decorative Sailing Ship (Small Size) Best Showpiece for Office & Home Decor Multicolor | Home Decorative Wooden Sailing Ship Nautical Showpiece (White) (Size - 15x16x4 CM),3.7,240,399,Home Decor,Amazon,Decorative Item
"CraftVatika Golden Handcrafted Palm Buddha Idol for Home,Office and Gifts - Palm Buddha Hand Statues for Living Room Mandir Pooja Room Living Room Diwali Decor",4.3,285,189,Home Decor,Amazon,Decorative Item
"Crompton Galaxy Decoration Copper USB Powered String Fairy Lights with 100 Led Light (10 Meters, Warm White, Pack of 1)",4.2,"2,896",149,Home Decor,Amazon,Decorative Item
PAPER PLANE DESIGN Poster For Living room Bedroom Office Wall Decoration Set of 12 (B),4.3,"1,759",159,Home Decor,Amazon,Decorative Item
Tdas Plastic Artificial Plants With Pot Leaves Hanging Ivy Garlands Plant Greenery Vine Creeper Home Decor Door Wall Balcony Decoration Party - 50 Cm (2 Pcs Money Plants),3.6,32,299,Home Decor,Amazon,Decorative Item
SEREBRUM 12pcs 3D Metallic Finish Home Decor Butterfly with Sticking Pads - Metallic Butterfly Decorations Party 3D Butterfly Wall Stickers (Golden-Set of 12),3.9,57,99,Home Decor,Amazon,Decorative Item
"Collectible India Akhand Diya Diyas Decorative Brass Crystal Oil Lamp, Diwali Decoration Item - Lantern Oval Shape Diwali Gifts Home Decor Puja Lamp Tea Light Holder",3.9,"2,813",222,Home Decor,Amazon,Decorative Item
"Xtore® Golden Owl Family (Mother & Child) for Home Decor (Pack of 1, Golden)",4.3,"1,446",999,Home Decor,Amazon,Decorative Item
"Xtore Ceramic Golden Blessing Birds Figurine for Home Decor | Living Room, Bedroom, Office Desk, Cabinets - (Pack of 2, Golden)",4.3,444,549,Home Decor,Amazon,Decorative Item
"The Purple Tree Tapered Glass Vase for Home Decor Center Table Bedroom Living Room and Office Decoration (Pack of 1, Midnight Blue) Luster Glass Vase, Decorative vase, Diwali Gift",4,549,349,Home Decor,Amazon,Decorative Item
"Umadiya® Duck Track Toys for Kids - Ducks Chasing Race Track Game Set - Small Ducks Stair Climbing Toys for Kids, Escalator Toy with Lights and Music - 3 Duck Included (Duck Track)",4.6,23,445,Toys,Amazon,Toys
"DearJoy Polyester Big Size Fibre Filled Stuffed Animal Elephant Soft Toy For Baby Of Plush Hugging Pillow Soft Toy For Kids Boy Girl Birthday Gift (60 Cm, Grey)",4.3,"7,031",570,Toys,Amazon,Toys
"Hot Wheels Plastic Mega Hauler Truck, Stores More Than 50 Cars, Multicolor",4.3,"19,211",950,Toys,Amazon,Toys
"Blix Queaky- Best Musical Toy Gift for Kids, Beeping Toy (Red)",3.3,268,538,Toys,Amazon,Toys
"Giggles Funskool Giggles, 3 In 1 Pull Along Musical Snail, Xylophone, Drum And Walking, Pull Along, Preschool Toys, 12 Months & Above, Infant, Multicolour",4.1,"1,585",703,Toys,Amazon,Toys
"Tingoking Plastic Jet 747, Pack Of 1, Multicolour",3.9,"1,568",156,Toys,Amazon,Toys
"Storio Toys Airplane Launcher Gun,Safe and Fun Shooting Guns for Kids,Paper Foam Gliders for Quick and Easy|Best Gift for Boys Kids Children, Assorted",3.4,79,279,Toys,Amazon,Toys
"Gooyo GY-430A1 Portable Musical Piano Keyboard with Microphone |37 Keys, 8 Rhythms, 8 Tones with 6 In-Built Demos & Song Record Feature|Black Color, Dual Power Supply Source: Micro USB Cable(Included)",3.6,145,760,Toys,Amazon,Toys
"Gooyo GY-430A1 Portable Musical Piano Keyboard with Microphone |37 Keys, 8 Rhythms, 8 Tones with 6 In-Built Demos & Song Record Feature|Black Color, Dual Power Supply Source: Micro USB Cable(Included)",3.6,145,760,Toys,Amazon,Toys
Smartivity DIY Foosball Table STEM Educational Kit for Kids 6-14 Years Old | Best Birthday Gifts for Boys & Girls 6-8-10-12 Years | Science & Construction-Based Activity Game,4.2,"1,363","1,013",Toys,Amazon,Toys
"Baffling Bowl - Hilarious 600 Cards Guessing Game for Kids, Teens & Adults, Fun, Bonding for Friends & Family, Challenges for Game Nights, Parties, Gifts for Ages 10, 11, 12, 13 and Up, Players 4+",4.3,62,699,Toys,Amazon,Toys
"Jack Royal Storm Hot Fire Soft Bullet Gun Toy with 10 Safe Soft Foam Bullets, Fun Target Shooting Battle Fight Game for Kids Boys (Storm- Hot Fire)",3.9,509,154,Toys,Amazon,Toys
"Zeeshan Avengers Toy Set of 5 Twist and Move Marvels Super Hero Characters Action Figure Play Set : Captain America, Hulk, Thor, Iron Man and Ant Man Best Gift for Birthday for Baby Multicolor",3.7,250,195,Toys,Amazon,Toys
"VGRASSP Push and Pull Pipe Tube Toy for Kids, Toddlers - Stretch and Bend Into Your Own Way - Smooth Sensory Fidget Toy - Multicolor (Color As Per Stock) (Pack of 1)",3.5,3,64,Toys,Amazon,Toys
"Little Monkey Wooden Xylophone Musical Toy with 8 Note, Multicolour, 3+, 1 Xylophone, 2 Sticks",4.2,"6,991",299,Toys,Amazon,Toys
"Funskool Star Links, Multicoloured Interlocking Learning Educational Blocks, Improves Creativity And Construction Blocks For Kids, 12 Months & Above, Infant and Preschool Toys",4.4,"9,539",223,Toys,Amazon,Toys
"Nerf Alpha Strike Fang Qs-4 Toy Blaster, Fire 4 Darts in A Row, 10 Nerf Darts, Gift Toys for Kids Teens&Adults, Toy for Boys, Birthday Gift Toy Ages 8+,Best Xmas Gift,Multicolor",4.3,"6,452",419,Toys,Amazon,Toys
"ToyMagic Pocket Basketball Set|with A Miniature Hoop&A Tiny Shooters|Improve Hand-Eye Coordination&Concentration|Indoor-Outdoor Toy|Best Birthday Gift for Kids 5Yr +||Bis Approved,Multicolor",3.8,290,119,Toys,Amazon,Toys
COSMOBABY Friction Dog Toy Cute Puppy 3 Face Role Play Toy|Yellow,4.1,93,224,Toys,Amazon,Toys
Toy Imagine™ Magic Water Coloring Doodle Book & Magic Pen Reusable | Magic Water Quick Dry Book | Water Colouring Book Doodle with Magic Pen | Painting Board for Children Education Drawing Pad (pack of 1),3.9,149,55,Toys,Amazon,Toys
"COSMOBABY Bath Toys, Cute Swimming Bath Toys for Toddlers 1-3, Floating Wind Up Toys for 1-5 Year Old Boy Girl, New Born Baby Bathtub Water Toys, Preschool Toddler Pool Toys frog Proudly MADE IN INDIA",3.3,215,111,Toys,Amazon,Toys
Kiddie Galaxia® Duck Track Toys Electric Ducks Chasing Race Track Game Set Playful Roller Coaster Toy 3 Duck LED Flashing Lights Music Button Fun Duck Stair Climbing Toy for Toddlers Kids,4.7,16,444,Toys,Amazon,Toys
Umadiya® Big Size Ford Raptor F150 Model Car 1:28 Scale Exclusive Alloy Metal Pull Back Die-cast Car Metal Pullback Toy car Openable Doors & Light Music Birthday Gift Car【Colors as Per Stock】,4.1,567,"1,188",Toys,Amazon,Toys
"SUPER TOY 3 Cute Big Jumping Bird, Penguin, Rabbit Key Operated Wind Up Toy for Kids Colorful & Funny Toys for Toddlers/Baby Pack of 3 (Multicolored)",3.7,297,349,Toys,Amazon,Toys
"Storio Blaze Storm Soft Bullet Gun Toy with 10 Safe Soft Foam Bullets, Fun Target Shooting Battle Fight Game for Kids Boys (Super Gun)",4.2,838,285,Toys,Amazon,Toys
"Graphene® Barbie Play Cell Phone Toy for Kids, Toddlers with Music, Ringtones, Lights - Birthday Party Favors and Gifts for Girls and Boys",3.2,230,123,Toys,Amazon,Toys
Babique Pluto Sitting Plush Soft Toy Cute Kids Animal Home Decor Boys/Girls (30 Cm),4.2,"2,009",279,Toys,Amazon,Toys
"Earthly Eats [9 inch 100 Pack, 3-Compartment Disposable Bagasse Plates | Eco-Friendly, Biodegradable, Sugarcane Bagasse Plates | for Serving Snacks | Birthday, Wedding & Party | Round, White (23 cm)",5,1,799,Plates,Amazon,Utensils
"Signoraware Round Plastic Full Plate Set, Set of 3, Lemon Yellow",4.2,"6,132",289,Plates,Amazon,Utensils
"Larah by BOROSIL Opalware Classic Full Plate (White, 11 inch) - Set of 6",4.5,"3,302",858,Plates,Amazon,Utensils
wolpin Square Plastic Dinner Plate Set (Set of 10 Pcs) Colorful Snacks/Breakfast Plate with Stand,3.7,422,379,Plates,Amazon,Utensils
"Larah By Borosil Brand Logo Opalware 6 Pieces Plate Set, White",4.4,"1,607",678,Plates,Amazon,Utensils
Eha Set of 4 Earth-Friendly Square Dinner Plates |11 inch | Unbreakable Plates Made with Bamboo Fibers & Rice Husk Fiber | Microwave Safe Full Dinner Plates | for Hot Servings |Multicolor,4.4,58,711,Plates,Amazon,Utensils
"Ikea Plastic Plate - Pack of 6, Multicolour",4.2,272,196,Plates,Amazon,Utensils
"Degradable Lightweight Wheat Straw Plates - 4 Pack 7.9' Unbreakable Dinner Plates, Non-Toxin, Dishwasher & Microwave Safe, BPA Free and Healthy for Kids, Children, Toddler & Adult",4.6,"1,822",489,Plates,Amazon,Utensils
"miah decor Ceramic Quarter Plates Side Plates- Set of 4 Handcrafted Stoneware Serving Platter Plates for Snacks & Dinner, Size 7 Inches",4.2,379,854,Plates,Amazon,Utensils
Amazon Brand - Solimo Plate Set | Stainless Steel | Set of 6 | 12 Inches,4.6,10,749,Plates,Amazon,Utensils
KC Stainless Steel Lazer Design Dinner Plate Set of 4 (Full Size Plate Diamm. 29.5 CM with Floral Design),4.2,201,599,Plates,Amazon,Utensils
"Castleite Bliss Melamine Quarter Plates Set of 6 - Size 7', Non Breakable, Square Designer Plate for Serving Snacks, Breakfast, Lunch or Dinner at Home, or Cafe, Stainless (Tropicana Cabana)",4.3,160,499,Plates,Amazon,Utensils
KC Stainless Steel Partition Plate 5 in1 / Bhojan Thali/Dinner Plate Set of 2,4.3,269,499,Plates,Amazon,Utensils
"IRIDA NATURALS Snack Plate Pack of 1-8 Inches, Wheat Straw Plates Eco Friendly, Reusable, Unbreakable Snacks Plates, Dishwasher, Freezer & Microwave Safe Plates,Lightweight Dessert Plates (Soft Beige)",3.8,283,269,Plates,Amazon,Utensils
Sumeet Stainless Steel Heavy Gauge Deep Wall Snack Plates with Mirror Finish 24.3cm Dia (Pack of 2),4.4,691,497,Plates,Amazon,Utensils
Shri & Sam Stainless Steel High Grade Shagun Dinner Plates (2 Pcs),4.3,165,435,Plates,Amazon,Utensils
"SignoraWare Bpa Free Square Plates for Dinner Lunch Breakfast, Food Grade, Reusable, Full meals Thali (Plastic, 10.7 Inches, Set of 3, Maroon, Dishwasher Safe, Microwave Safe)",4.2,"1,688",327,Plates,Amazon,Utensils
"URMILA PLASTIC® Microwave Safe Unbreakable Round Dinner Set Big Plates Set of 6 Small Plates Set of 6& 12 Pcs Katori, Made in India Set of 24 (Green) (Yellow)",3.4,16,717,Plates,Amazon,Utensils
"Irida Naturals Unbreakable Wheat Straw Dinner Plates 10 Inch- (Sky Blue) Reusable, Lightweight & Eco-Friendly, Microwave, Freezer & Dishwasher Safe, Cut Resistant & Lead-Free",3.9,144,459,Plates,Amazon,Utensils
"Irida Naturals Rice Husk Small Plates Set of 1, Eco-Friendly, Microwave Plate 8 Inches, Sustainable Kitchen Plates, Lightweight, Durable & Non Breakable Plates for Snacks (Soft Beige)",5,7,299,Plates,Amazon,Utensils
"Larah by BOROSIL Opalware Classic Full Plate (White, 11 inch) - Set of 6",4.5,"3,302",858,Plates,Amazon,Utensils
"GOOD HOMES WITH WORD YSR Goodhomes Pure Melamine Deep Plate Set of 2-750ml, SW-SWMT-539-GREY-2",4.1,17,716,Plates,Amazon,Utensils
"IKEA KALAS Plates, English Colours",4.3,5,259,Plates,Amazon,Utensils
"Lupaava Ceramic Dinner Plate Dinnerware Serving Plate Microwave, Oven, and Dishwasher Safe 10 Inch",5,1,595,Plates,Amazon,Utensils
"Irida Naturals Set of 2 Unbreakable Wheat Straw Dinner Plates 10 Inch- (Mint Green) Reusable, Lightweight & Eco-Friendly, Microwave, Freezer & Dishwasher Safe, Cut Resistant & Lead-Free",3.9,144,899,Plates,Amazon,Utensils
Witeg Borosilicate Glass Beaker 25 ML For Laboratory And Research | 25 ML Borosilicate Glass Beaker Pack of 5 |,5,2,250,Glass,Amazon,Utensils
"Udyan Tea Stellar Durable Borosilicate Glass Double Wall Tea Cup (Transparent, 200 ml Each) - Set of 2",4,74,850,Glass,Amazon,Utensils
"Blanketswarm 2Pcs Drinking Glasses with Bamboo Lids and Straws, Beer Can Glass Tumbler Glasses Ice Coffee Cup for Milk Coffee Ice Water Cocktail",4.3,106,599,Glass,Amazon,Utensils
"Treo by Milton Crescent Cool Glass, Set of 6, 205 ml, Transparent",4.1,362,340,Glass,Amazon,Utensils
"Borosil - Vision Glass Set, 295 ml, Set of 6, Transparent",4.2,"11,183",485,Glass,Amazon,Utensils
"Yera Glass Tumbler - 6 Pieces, Clear, 310ml",4.1,"2,286",225,Glass,Amazon,Utensils
"CELLO Amphio Glass Tumblers, Set of 6, 210ml Each, Clear",3.2,34,372,Glass,Amazon,Utensils
"PARABRAHMA 350ml Transparent Pilsner Glasses Set of 6 | Perfect for Juice, Beer, Mocktail, Lassie, Milkshake, Faluda, Smoothie | Better Head Retention, Aroma and Flavor | Crystal Cocktail Glass",5,1,469,Glass,Amazon,Utensils
"FOMQUAZLI Square Juice Glasses Lead-Free Highball Glass Crystal Glass Drinking Glasses Water Glasses, Mojito Glass Cups, Tom Collins Bar Glassware, and Mixed Drink Cocktail Glass 280ML Set of 3",3.9,2,199,Glass,Amazon,Utensils
Ocean Beverage Glass Tumbler 340ml - Set of 6 for Kitchen | Water | Hot & Cold Drinks | Juice | Cocktail | Milkshake | Smoothie | Ideal for Home | Party | Restaurant | Gifting | Special Occasion,4.3,"2,813",628,Glass,Amazon,Utensils
"Treo by Milton Gusto Cool Glass Mug Set of 2, 335 ml Each, Transparent | Beer | Drink | Juice",4.3,"1,708",245,Glass,Amazon,Utensils
"Treo by Milton Vector Borosilicate Glass Tumbler, Set of 6, 300 ml, Transparent",4,442,448,Glass,Amazon,Utensils
"Borosil Vision White Krip 295 ml Set of 6 pcs Transparent Drinking Glass |Borosilicate Glass Tumblers for Water, Cold Drinks, Juice| Flame Proof, Microwave & Dishwasher Safe | for Daily use & Gifting",4.1,101,461,Glass,Amazon,Utensils
"LEAWALL Plastic Unbreakable Water,Juice, Drinking Glass Set Glass Set (250 ml, Glass) Glass Set (Blur Transparent Diamond Triangles, 6)",3.9,238,189,Glass,Amazon,Utensils
"BAGYAM - Crystal Whiskey Glass - Clear Glass Whiskey Glasses Set of 2, 300 ml, Transparent",4.8,72,299,Glass,Amazon,Utensils
SKDBPM Ice Juice Drinks Glass Can Mug with Straw for Milk/Coffee/Green Tea Cup Set of 1-510ml Transparent Printed Can Shape Cup (Pack of 1) (Wooden LID CAN),4.1,92,169,Glass,Amazon,Utensils
Yera Glass Tumbler 225ml - Set of 6 for Kitchen | Water | Hot & Cold Drinks | Juice | Cocktail | Milkshake | Smoothie | Ideal for Home | Party | Restaurant | Gifting | Special Occasions,3.7,127,310,Glass,Amazon,Utensils
"PrimeWorld Opera Crystal Whiskey Glasses Set of 6 pcs- 300 ml Bar Glass for Drinking Bourbon, Whisky, Scotch, Cocktails, Cognac- Old Fashioned Cocktail Tumblers",4.3,"1,838",798,Glass,Amazon,Utensils
"Signoraware Illusion Borosilicate Drinking Glass, 205ml Each, Set of 6, Clear",4.1,445,381,Glass,Amazon,Utensils
Paksh Novelty® Italian Premium Old Fashioned Whiskey Glass Crystal Tumblers for Cocktails Bourbon Scotch Liquor Whiskey | 300 ML | Set of 6 |Transparent,4,73,"1,199",Glass,Amazon,Utensils
"Ellementry Quoise Glass Tumbler Set of 2 (350 ml) (Round) | Transparent | Clear Glasses for Home Kitchen Office | Reusable Glass Tumblers for Cold Coffee, Smoothies, Juice & Milk…",4,6,"1,279",Glass,Amazon,Utensils
"SAKI Spinny Whiskey Glasses Set of 2 | Heavy Base & Stylish Design | Perfect for Scotch, Mixed Drinks, Wine, Bourbon, Juice, Water and Cocktail Drinks 170ML",4.8,9,499,Glass,Amazon,Utensils
"PrimeWorld Stylish European Crystal Whiskey Glasses Set of 6 pcs- 300 ml Bar Glass for Drinking Bourbon, Whisky, Scotch, Cocktails, Cognac- Old Fashioned Cocktail Tumblers",4,713,974,Glass,Amazon,Utensils
"KELVEE Glass Coffee Tumbler with Leather Grip Pack of 1, Clear Drinking Glasses Sipper Mugs with Straws and Lids for Iced Tea, Juice, Cocktail, Smoothies Cold & Hot Drink Cups (Grey Black)",4.4,91,299,Glass,Amazon,Utensils
"AGARO Elite 300ml 6 pcs Set Transparent Drinking Glass | Borosilicate Glass Tumblers for Water, Cold Drinks, Juice| Flame Proof, Microwave & Dishwasher Safe | for Daily use & Gifting",4.3,40,489,Glass,Amazon,Utensils
"Maybelline Liquid Lipstick, High Shine Gloss, Lasts for 16 HRs, Enriched With Vitamin E & Aloe, SuperStay Vinyl Ink, Witty, High-Glossy",4.1,"1,745",568,Makeup,Amazon,Beauti Products
MARS Illuminati Base Dewy Primer with Highlighter | Glowy Dewy Primer for Face Makeup | Natural Finish (45ml) (PINK),4,685,229,Makeup,Amazon,Beauti Products
"Disney Frozen Princess By RENEE Unicorn Makeup Kit Elsa 7.4 Gm, Pre-teen Girls, Includes 2 Matte, 4 Shimmer Eyeshadows, Lip Butter, Lip & Cheek Tint, Compact & Travel Friendly, Cruelty-Free & Vegan",4,188,759,Makeup,Amazon,Beauti Products
"The Face Shop All Clear Micellar All-In-One Foaming Face Wash with Hyaluronic Acid, AHA & PHA | Makeup Remover Face Wash for all Skin Types, 150 ml",5,20,879,Makeup,Amazon,Beauti Products
"Swiss Beauty Long Lasting Misty Finish Professional Makeup Fixer Spray For Face Makeup | With Aloe Vera And Vitamin- E | Light Weight, Quick Dry Makeup Setting Spray |70 Ml",4,"24,208",217,Makeup,Amazon,Beauti Products
"LAKMÉ 9 To 5 Cc Cream Mini, 01 - Beige, Light Face Makeup With Natural Coverage, Spf 30 - Tinted Moisturizer To Brighten Skin, Conceal Dark Spots, 9 G",4.1,"13,139",99,Makeup,Amazon,Beauti Products
"FACES CANADA Ultime Pro Makeup Fixer, 50 ml | Long Lasting Makeup Setting Spray | Keeps Makeup Intact | Hydrates, Soothes & Refreshes Skin | Hyaluronic Acid & Vitamin E Enriched | No Alcohol",3.9,"1,248",244,Makeup,Amazon,Beauti Products
"Insight Cosmetics Crème Blusher, Face Makeup, Dusty Rose, 3.5 gm(B-02=03)",4.1,"2,114",76,Makeup,Amazon,Beauti Products
"Swiss Beauty Real Makeup Base Highlighting Primer| Skin-Hydrating Poreless Primer With Natural Glow Finish For Face Makeup |Shade - Natural Tint, 32Ml",4.1,"5,473",322,Makeup,Amazon,Beauti Products
"HUDA GIRL Beauty Rose Gold Remastered + Nude Edition Eyeshadow Palette Combo Kit - 36 Matte and Shimmer Finishes, Includes Black Eyeshadow - Complete Eye Shadow Palette Set",3.9,"1,508",399,Makeup,Amazon,Beauti Products
"Swiss Beauty Liquid Light Weight Concealer With Full Coverage |Easily Blendable Concealer For Face Makeup With Matte Finish | Shade- Medium-Beige, 6G |",4.1,"16,284",197,Makeup,Amazon,Beauti Products
"MACPLUS Makeup Sponge Set Beauty Blender with Egg Case, Soft Sponge For Liquid Foundation, Creams, and Powders Latex Free Wet and Dry Makeup (Multicolor 4 Big + 3 Mini -7 Pcs set)",4.2,"1,509",199,Makeup,Amazon,Beauti Products
"Maybelline New York Fit Me Shade 220 Natural Beige, Compact Powder, 8g - Powder that Protects Skin from Sun, Absorbs Oil, Sweat and helps you to stay fresh for upto 12Hrs.",4.1,"33,261",269,Makeup,Amazon,Beauti Products
"Lacto Calamine Daily Cleansing Facial Wipes 25N Each - Pack of 2 | Wet Wipes for Face with Aloe Vera, Cucumber & Vitamin E | Makeup Remover Wipes| Hydrating,Refreshing, Soothing|Paraben & Alcohol Free",4.3,"17,115",108,Makeup,Amazon,Beauti Products
"FACES CANADA Strobe Cream - Rose Gold, 30g | With Shea Butter & Hyaluronic Acid | Instant Illumination | Intense Hydration | Flawless Radiant Dewy Skin | Glowing Makeup Base",4,779,419,Makeup,Amazon,Beauti Products
"LAKMÉ Eyeconic Insta Cool Kajal, Black, Cooling Kohl Liner With Cucumber, Twist Up Pencil - Waterproof, Smudge Proof & Long Lasting Eye Makeup, Glossy, 0.35 G",4.2,"7,790",137,Makeup,Amazon,Beauti Products
URBANMAC Makeup Brush Set 8PCS Mini With Storage (Blue Gray),3.4,205,194,Makeup,Amazon,Beauti Products
"Blue Heaven HD All In One Makeup Stick, Silk Matte - 101, Vanilla-Very Fair, 10gm",3.8,622,96,Makeup,Amazon,Beauti Products
Swiss Beauty Clean & Glow Makeup Remover Wipes | With Green Tea And Calendula Extracts| Cleansing And Hydrating Facial Wipes| 30 Wipes,4.5,389,103,Makeup,Amazon,Beauti Products
"Blue Heaven Long Lasting Make-Up Fixer, 60ml",3.8,"1,266",161,Makeup,Amazon,Beauti Products
"Lakme Eyeconic Collection - Eye Regime Kit (Kajal Pencil, Mascara & Eye Liner), Black, Glossy Finish",3.9,26,519,Makeup,Amazon,Beauti Products
"LoveChild Masaba Face Highlighter Palette (Chandni), 11.2gm",3.3,6,"1,399",Makeup,Amazon,Beauti Products
"Simple Kind To Skin Micellar Cleansing Wipes 25 wipes | Instantly Removes Water Proof Make-Up, Impurities & Unclogs Pores | Super Soft Face Wipes with Gentle Cleansers & Multivitamins",4.3,355,262,Makeup,Amazon,Beauti Products
"Vitalogy - Makeup Sponges for Foundation - Makeup Sponge Set for Blending - Beauty Blender Set of 4 + Egg Case Holder - Flawless for Cream, Powder and Liquid (Pink Mix Colours)",3.7,36,249,Makeup,Amazon,Beauti Products
MARS Matte Lip Liner | One Swipe Smooth Application | Long Lasting Lip Pencil | (1.4gm) (09-STEAMY PINK),4.2,"1,067",59,Makeup,Amazon,Beauti Products
"Maybelline New York Matte Lipstick, Intense Colour, Moisturised Lips, Color Sensational Creamy Matte, 634 Bold Crimson, 3.9g",4.1,"63,461",246,Makeup,Amazon,Beauti Products
Vega Premium Eye Lash Curler,4.1,"13,900",156,Makeup,Amazon,Beauti Products
"Earth Rhythm Reusable Makeup Remover Cleansing Pads | Easily Removes Stubborn Face & Eye Makeup | Multifunctional, Safe for Oily, Dry or Sensitive skin | Pack of 2",4.4,"7,241",198,Makeup,Amazon,Beauti Products
"Maybelline New York Mascara, Curls Lashes, Highly Pigmented Colour, Long-lasting, Waterproof, Hypercurl , Black, 9.2ml",4.2,"33,954",279,Makeup,Amazon,Beauti Products
"Lakme Lumi Cream - Face cream with Moisturizer + Highlighter, enriched with Niacinamide & Hyaluronic Acid - Dewy Rose, 30g",4,"10,802",203,Makeup,Amazon,Beauti Products
"Maybelline New York Liquid Foundation, Matte & Poreless, Full Coverage Blendable Normal to Oily Skin, Fit Me, 330 Toffee, 18ml",4.1,"15,338",220,Makeup,Amazon,Beauti Products
"Lakme Rose Face Powder, Soft Pink, 40g",4.2,"34,272",139,Makeup,Amazon,Beauti Products
"FACES CANADA Weightless Stay Matte Finish Compact Powder - Natural, 9 g | Non Oily Matte Look | Evens Out Complexion | Hides Imperfections | Blends Effortlessly | Pressed Powder For All Skin Types",4.1,"17,099",146,Makeup,Amazon,Beauti Products
"FAIRY FIRST Fairyfirst 18 Color Eyeshadow Palette With Mirror - Include Matte Shimmer & Glitter Blending, Natural Nudes Velvet",3.5,142,115,Makeup,Amazon,Beauti Products
"Insight Cosmetics Glitter Makeup Highlighter, 3.5 gm",4,"5,872",108,Makeup,Amazon,Beauti Products
"Garnier Skin Naturals, Cleansing Water, Hydrating & Soothing, Micellar Cleansing Water, 125 ml",4.4,"26,525",169,Makeup,Amazon,Beauti Products
"Maybelline New York Colossal Kajal, Intense Colour, Waterproof, Long lasting 24Hrs Stay, Black, 0.35g",4.3,"48,565",148,Makeup,Amazon,Beauti Products
"POND's Natural Glow Face Matte Powder For Normal Skin, Bb Glow - 30G, Pink",4,"2,567",106,Makeup,Amazon,Beauti Products
"HUDACRUSH All Makeup Products Combo Set - Primer, Fixer, Loose Powder, Compact, Foundation and Concealer Combo - 6in1 Combo Makeup Products Collection for Women",3,90,179,Makeup,Amazon,Beauti Products
"LAKMÉ Elle 18 Eye Drama Bold Black Pencil Kajal 0.35 G, Matte Finish Kajal Black, Waterproof, Smudge Proof & Long Lasting Kajal With Matte Finish",4.2,"33,191",84,Makeup,Amazon,Beauti Products
"MyGlamm POPxo Makeup Collection Glossy Finish, Chillin' Mini Nail Kit, Paraben Free, Long Lasting Formula, 5 in 1 Combo",3.9,"11,821",174,Makeup,Amazon,Beauti Products
"RIXTEC Reusable Makeup Remover Cleansing Pads | Easily Removes Stubborn Face & Eye Makeup | Multifunctional, Safe for Oily, Dry or Sensitive skin | 1 Piece",4,17,94,Makeup,Amazon,Beauti Products
"Insight Cosmetics Makeup Fixer Spray | Makeup Fixer Spray For Face Makeup | Light Weight, Quick Dry Makeup Setting Spray, 75ml",4,"1,796",170,Makeup,Amazon,Beauti Products
"URBANMAC Makeup Sponge Set Beauty Blender with Egg Case, Soft Sponge For Liquid Foundation, Creams, and Powders Latex Free Wet and Dry Makeup (Multicolor 4 Big + 3 Mini -7 Pcs set)",4.2,217,199,Makeup,Amazon,Beauti Products
Insight Banana Loose Powder |Make Up Setting Powder |Provides Long-lasting Coverage |Reduces Shine|Loose Powder(Banana Powder),4,"2,095",185,Makeup,Amazon,Beauti Products
INSIGHT COSMETICS PORE MINIMIZER PRIMER Transparent,4,"2,711",104,Makeup,Amazon,Beauti Products
"Maybelline New York Radiant Pencil Concealer, Dark Circles and Blemish Eraser, Ultra Blendable, Instant Anti Age Eraser Eye, Medium, 6ml",4,"12,299",459,Makeup,Amazon,Beauti Products
TYA Makeup eyeshadow Kit + 5 Pcs Makeup Brush + 2 Pc Blender Puff Combo - Multicolor,3.8,"13,468",284,Makeup,Amazon,Beauti Products
Mamaearth Nourishing Natural Lip Cheek & Eye Tint with Vitamin C & Cocoa - 02 Coco Nude- 4 g,4,890,358,Makeup,Amazon,Beauti Products
"Rsentera Iconic Illuminator Ultra Smooth Shine Waterproof Face And Body Highlighter 3D glow shine for medium to wheatish skin Highlighter (Shine) Highlighter (Shine) (Pack of 1, silver)",3.3,"1,139",84,Makeup,Amazon,Beauti Products
"Blue Heaven Festive MakeUp Kit For Women, Medium Tone Combo, Pack of 8, 32.1g+45.5ml",4,"2,112",879,Makeup,Amazon,Beauti Products
"POND'S Bb+ Cream For All Skin Types,Ivory Lightweight Natural Foundation,18G,For Even Skin Tone,With Vitamin Enriched Cream&Light Foundation,Spf 30 Pa++,Instant Spot Coverage,Pack Of 1",4.2,"13,318",132,Makeup,Amazon,Beauti Products
URBANMAC Eyeshadow Palette 60 Color Makeup Palette Highlighters Eye Make Up High Pigmented Professional Mattes & Shimmery Finish - Multicolor,3.9,"2,026",299,Makeup,Amazon,Beauti Products
"WRYAK Combo Makeup kit set of-14 Foundation,Primer,Eyeliner, Mascara, Kajal, Loose Face Powder,Eyeshadow,Makeup Brush,Makeup Fixer,Eyelashes And Red Edition Lipstick",3.1,103,498,Makeup,Amazon,Beauti Products
"Wolpin Beauty Blender 7 Pcs with Storage Box Makeup Sponges, Air Cushion Powder Beauty Tools Women Professional Cosmetic Puff with Box Powder Sponge Dry & Wet Use (Multicolor)",4.3,658,179,Makeup,Amazon,Beauti Products
"Maybelline New York Super Stay Full Coverage Active Wear Liquid Foundation , Matte Finish with 30 HR Wear, Transfer Proof, 112, Natural Ivory, 30ml",4,"1,890",849,Makeup,Amazon,Beauti Products
"Maybelline New York Liquid Foundation, Matte & Poreless, Full Coverage Blendable Normal to Oily Skin, Fit Me, 230 Natural Buff, 18ml",4.1,"15,338",220,Makeup,Amazon,Beauti Products
"Garnier Skin Naturals, Cleansing Water for Waterproof Makeup, Nourishing Formula, Micellar Oil-Infused Cleansing Water, 125ml",4.4,"11,401",187,Makeup,Amazon,Beauti Products
"Aqualogica Glow+ Dewy Lightweight & Hydrating Sunscreen Sunstick with SPF 50+ & PA++++ - For Normal, Dry & Combination Skin of Women & Men -20g",3.4,257,694,Makeup,Amazon,Beauti Products
"Whimsy Blossom Beauty Kit | Complete Makeup for Teens and pre-teen girls | Foundation, Lip Gloss, Eyeshadow, Lip-Cheek Tint, Brushes | Cruelty Free & Vegan",4.7,31,"1,899",Makeup,Amazon,Beauti Products
"LoveChild Masaba Face Highlighter Palette (Sitara), 11.2gm",3.3,6,"1,399",Makeup,Amazon,Beauti Products
Lactoclin O - Soap Free Herbal Cleanser and Makeup Remover Facewash For Women 90ml.,4.3,97,270,Makeup,Amazon,Beauti Products
"Maybelline Liquid Lipstick, High Shine Gloss, Lasts for 16 HRs, Enriched With Vitamin E & Aloe, SuperStay Vinyl Ink, Lippy, High-Glossy",4.1,"1,745",534,Makeup,Amazon,Beauti Products
"The Derma Co 2% Niacinamide Oily Skin Cleanser for Sensitive, Oily & Combination Skin 125 ml Non-Irritant | 100% Soap-Free | Non-Drying | Gently Cleanses Makeup | With 0.1% ww Salicylic Acid",4,211,259,Makeup,Amazon,Beauti Products
"Maybelline New York Colossal Bold Eyeliner, Black, 3ml",4.3,"30,920",179,Makeup,Amazon,Beauti Products
MACPLUS Makeup Brush Set With Storage Barrel - Pack of 12 (Light Pink),3.7,"1,143",246,Makeup,Amazon,Beauti Products
"Maybelline New York Liquid Foundation, Matte & Poreless, Full Coverage Blendable Normal to Oily Skin, Fit Me, 115 Ivory, 18ml",4.1,"5,429",197,Makeup,Amazon,Beauti Products
"THR3E STROKES Makeup Sponge Set Beauty Blender with Egg Case, Soft Sponge For Liquid Foundation, Creams, and Powders, Latex Free Wet and Dry Makeup ( 4 Big + 3 Mini-7 Pcs set) (MULTICOLOUR,ASSORTED COLOUR) With Plastic Jar",4.1,"1,578",198,Makeup,Amazon,Beauti Products
"SHISHI TYA 6155 Makeup Kit with 5 Pink Makeup Brushes, 3in1 Combo, 36H Eyeliner, Kajal, Compact, 5in1 Lipstick, Fixer, Primer, Contour, Foundation, 3 Makeup Puffs - (Pack of 20)",3.7,33,498,Makeup,Amazon,Beauti Products
"Swiss Beauty Ultimate 9 Pigmented Colors Eyeshadow Palette Long Wearing And Easily Blendable Eye Makeup Palette Matte, Shimmery And Metallic Finish - Multicolor-05, 6G",4.2,"26,064",217,Makeup,Amazon,Beauti Products
"LAKMÉ Face It Compact, Pearl, 9 g",4.1,"3,281",161,Makeup,Amazon,Beauti Products
"MARS Fantasy Face Palette for Makeup with Blushes, Shimmer Highlighters and Bronzer| Highly Pigmented & Long Lasting | ALL-IN-1 Face Makeup Kit (20g) | Shade-01",4.1,895,310,Makeup,Amazon,Beauti Products
"HUDACRUSH BEAUTY 13 Pcs Makeup Brushes Set - All-in-One Kit with Travel Storage Box - Face, Eye, Highlighter, Concealer, Blending, Powder, Eye Makeup Brush",3.7,132,319,Makeup,Amazon,Beauti Products
"Maybelline New York Waterproof Mascara, Lengthening & Volumizing Mascara, With Bamboo Extract & Fibres, Lash Sensational Sky High, Very Black, 6ml",4.2,"23,173",519,Makeup,Amazon,Beauti Products
"Blue Heaven TrueBrow Eyebrow Definer, Natural Brown, 0.30gm",3.8,"9,234",81,Makeup,Amazon,Beauti Products
"SWISS BEAUTY Matte Lightweight, Liquid Long Lasting Shiny Pearl Water Drop Blemish Balm Bb Foundation, Face Makeup, Shade-02, 40Ml",3.9,"1,366",160,Makeup,Amazon,Beauti Products
"Just Herbs Ayurvedic Creamy Matte Micro Mini Lipstick Kit Lip Hydrating & Moisturizing, Lipsticks for Women Suitable All Indian Tones (Pack of 16)",3.8,"24,651",402,Makeup,Amazon,Beauti Products
"INOVERA (LABEL) 24 Compartment Makeup Lipstick Storage Holder Organizer Case, Pack of 1, Transparent",4.4,"2,271",186,Makeup,Amazon,Beauti Products
Renva Pink Travel Makeup Bag Large Capacity Cosmetic Bag with Compartment Waterproof PU Leather Makeup Bag for Women and Girl,3.8,124,399,Makeup,Amazon,Beauti Products
"Maybelline New York Liquid Matte Lipstick, Long Lasting, 16hr Wear, Superstay Matte Ink, 15 Lover, 5ml",4.2,"25,602",504,Makeup,Amazon,Beauti Products
"Kimirica ""Nothing But Love Duo"" Potli Gift Set | Return Gift Hamper for New Year & All Special Occasions | Romantic notes of Gardenia and Night Blooming Jasmine (Pack of 1)",4.2,228,659,Makeup,Amazon,Beauti Products
"RENEE Bold 4-4-in-1 Kajal - Four Shades Black, Brown, Teal & Blue - Matte Finish, Rich Color Payoff, One-stroke Application, Travel Friendly & Easy to Use",3.8,374,539,Makeup,Amazon,Beauti Products
SUGAR POP Dab & Blend Beauty Makeup Sponge | Latex Free | Unique Shape | Precise Edges | Reusable & washable | Soft & Bouncy | Foam Sponge | Multipurpose,4,174,175,Makeup,Amazon,Beauti Products
"BEILI 30Pcs Professional Makeup Brush Set Original Natural-Synthetic Kabuki Foundation, Face Powder, Highlighter, Contour, Eye Shadow, Eyebrow, Eyeliner, Makeup Tools Kit (Classic Black)",3.8,254,"1,740",Makeup,Amazon,Beauti Products
"Maybelline New York Hypercurl Mascara, Curls Lashes, Highly Pigmented Colour, Long-lasting, Washable, Black 9.2ml",4.2,"15,186",265,Makeup,Amazon,Beauti Products
"Lakme Sun Expert Ultra Matte Spf 40 Pa+++ Compact, Non Greasy Non Sticky, For Indian Skin, Gives Even-Tone Complexion, 7 g",4.2,"13,732",235,Makeup,Amazon,Beauti Products
"Maybelline New York Super Stay Full Coverage Active Wear Liquid Foundation, Matte Finish with 30 HR Wear, Transfer Proof, 128, Warm Nude, 30ml",4.1,"6,519",869,Makeup,Amazon,Beauti Products
"Lakme Eyeconic Liquid Eye Liner, Black, Long Lasting Matte Waterproof Liner - Smudge Proof, Transfer Proof Eye Makeup for 24 hrs, 4.5 ml",4.2,"8,266",259,Makeup,Amazon,Beauti Products
"INOVERA (LABEL) Nylon Professional Cosmetic Makeup Kit Storage Organizer Travel Toiletry Vanity Bag with Adjustable Compartment, 26l x 24b x 9h cm (Pink)",4.4,"8,517",699,Makeup,Amazon,Beauti Products
Mamaearth Soft Matte Long Stay Lipsticks with Jojoba Oil & Vitamin E for 12 Hour Long Stay - 04 Berry Nude - 3.5 g,4,"2,595",350,Makeup,Amazon,Beauti Products
"Dabur Gulabari Rose Glow Face Cleanser - 100ml | For All Skin Types | Cleaner, Balanced & Hydrated Skin",4.3,"20,340",85,Makeup,Amazon,Beauti Products
"Swiss Beauty Waterproof Volume Mascara | Smudge Proof Curling Mascara For Eye Makeup | Jet Black, 8.5Ml |",4,"2,627",194,Makeup,Amazon,Beauti Products
"Wolpin Professional Large Cosmetic Makeup Kit Storage Organizer Travel Toiletry Vanity Bag with Big Compartment, Waterproof Makeup Brush Holder Portable (22.5 x 17 x 15 cm) Flamingo Design, Multicolor",4,801,239,Makeup,Amazon,Beauti Products
"HUDA GIRL BEAUTY 2in1 Korean Foundation & CC Cream with Mushroom Head Brush Sponge- Waterproof, Long-Lasting, Full Coverage, Moisturizing Natural Finish - For Oily & Dry Skin Face Makeup",3.5,169,299,Makeup,Amazon,Beauti Products
"Insight Non Transfer Lip Color |Matte Texture|12Hrs Waterproof|True Color|Smudge Proof |Paraben Free |100% Veg |Longwear, 4ml(LG40-01)",3.9,"33,216",95,Makeup,Amazon,Beauti Products
"RENEE Glass Glow Pre Makeup Oil Primer 10ml| Non Sticky, Smoooth Finish| Hydrates, Repairs & Nourishes Skin| Adds Natural Glow to the Skin",4,"1,321",315,Makeup,Amazon,Beauti Products
"Blue Heaven Strobe & Shape, Highlighter and Contouring Duo Stick, Fairy Light (fair to medium), 8gm, Hydration with Mango Butter & Apricot Oil",3.8,358,150,Makeup,Amazon,Beauti Products
"Lakme 9 To 5 Primer + Matte Perfect Cover Liquid Foundation, Full Coverage, Has A Built-In Primer For Poreless, Long Lasting MakeUp, Cool Ivory, 25ml",4.2,"8,281",220,Makeup,Amazon,Beauti Products
"LAKMÉ Eyeconic Black Kajal, Matte Kohl Liner In A Twist Up Pencil, Waterproof, Smudgeproof & Long Lasting Eye Makeup, 0.35g",4.3,"1,974",169,Makeup,Amazon,Beauti Products
"Blue Heaven Festive MakeUp Kit For Women, Fair Tone Combo, (Pack of 8)",4,"1,210",659,Makeup,Amazon,Beauti Products
SIRONA Reusable Blink & Glow Face Razor for Women | Upp...,4.3,"34,452",195,Makeup,Flipkart,Beauti Products
Orgatre Hair Finishing Stick - Non-Greasy & Non-Sticky ...,4.2,649,361,Makeup,Flipkart,Beauti Products
Mamaearth Glow Serum BB Cream with Vitamin C & Turmeric...,3.9,"2,514",285,Makeup,Flipkart,Beauti Products
deconstruct Detan Clearing day Serum 2% Alpha Arbutin +...,4.1,901,145,Makeup,Flipkart,Beauti Products
"Sanfe Spotlite Body Cream For Dark Neck,Joint & Skinfol...",3.7,"2,470",411,Makeup,Flipkart,Beauti Products
Iba Must Have Insta Glow Pre-Makeup Serum,4.3,365,489,Makeup,Flipkart,Beauti Products
"Trycone L- Glutathione Cream for Skin Whitening, Anti A...",3.8,"2,642",517,Makeup,Flipkart,Beauti Products
deconstruct 10% Vitamin C Face serum|Reduces dark spots...,4.2,343,599,Makeup,Flipkart,Beauti Products
OZONE Instant Glo Bleach with the Goodness of Aloe Vera...,4.3,"2,289",310,Makeup,Flipkart,Beauti Products
"mars by GHC Anti Ageing Face Serum| Niacinamide, Retino...",4,"1,721",569,Makeup,Flipkart,Beauti Products
VI-JOHN FEATHER TOUCH Saffron Honey Hair Removal for Sa...,3.7,68,119,Makeup,Flipkart,Beauti Products
everteen Natural Bikini Line Hair Remover Creme for Wom...,4.1,"2,342",179,Makeup,Flipkart,Beauti Products
Flying monk Lipstick Shape Electronic Facial Hair Remov...,3.7,"17,331",339,Makeup,Flipkart,Beauti Products
everteen 50g Natural Bikini Line Hair Remover for Women...,4,"1,423",168,Makeup,Flipkart,Beauti Products
Ikin Diamond Hair Remover Cream Cream,4.2,834,142,Makeup,Flipkart,Beauti Products
Ikin Papaya Hair Remover Cream Cream,4.2,751,143,Makeup,Flipkart,Beauti Products
Shahnaz Husain 24 Carat Gold Facial Kit,3.8,918,794,Makeup,Flipkart,Beauti Products
LIVON Hair serum for Men and Women dry rough hair,4.4,"69,379",251,Makeup,Flipkart,Beauti Products
Lakmé Peach Milk VIT E Moisturiser,4.4,"1,09,710",289,Makeup,Flipkart,Beauti Products
deconstruct Soothing cleansing balm | Gently Removes Ma...,4.3,273,279,Makeup,Flipkart,Beauti Products
Enchanteur Romantic Perfumed Shower Gel for Women with ...,4.4,930,312,Makeup,Flipkart,Beauti Products
Mamaearth Onion Hair Fall Shampoo for Hair Growth & Hai...,4.2,"2,94,655",296,Makeup,Flipkart,Beauti Products
deconstruct Detan Skin Clearing Face Serum 2% Alpha Arb...,4.1,901,573,Makeup,Flipkart,Beauti Products
OZONE Instant Glo Bleach with the Goodness of Aloe Vera...,4.2,669,229,Makeup,Flipkart,Beauti Products
OZONE Ayurvedics Instant Glo Bleach with the Goodness o...,4.3,386,306,Makeup,Flipkart,Beauti Products
"LUVYH Niacinamide Face Serum with Rice Water, Vitamin B...",4.1,44,129,Makeup,Flipkart,Beauti Products
WOW SKIN SCIENCE Himalayan Rose Face Serum - with Rose ...,4.1,948,397,Makeup,Flipkart,Beauti Products
VI-JOHN WOMEN Saffron Advanced Fairness Cream Pack Of 3,4.1,205,279,Makeup,Flipkart,Beauti Products
deconstruct Brightening Serum 10% Niacinamide| Reduces ...,4.2,385,594,Makeup,Flipkart,Beauti Products
SIRONA Precision Shave Reusable Eyebrow & Face Razor fo...,4.2,"8,545",159,Makeup,Flipkart,Beauti Products
SunScoop Sunscreen - SPF SPF 50 PA+++ Ultra Matte Dry T...,4.1,577,499,Makeup,Flipkart,Beauti Products
"Earth Rhythm Turmeric Facial Oil,Reduces Acne, Scras & ...",4.3,167,374,Makeup,Flipkart,Beauti Products
deconstruct Pore Control Serum 2% Salicylic Acid | For ...,4.3,178,695,Makeup,Flipkart,Beauti Products
mCaffeine Coffee Lip Polishing Oil for Pigmented & Dry ...,4,"2,858",289,Makeup,Flipkart,Beauti Products
mCaffeine Coffee Lip Sleeping Mask for Hydration & Repa...,4,687,299,Makeup,Flipkart,Beauti Products
NutriGlow Skin Whitening Treatment Facial Combo,4.1,"10,519",555,Makeup,Flipkart,Beauti Products
Nature Sure Pores and Marks Oil 1 Pack for enlarged ski...,3.6,"2,222",689,Makeup,Flipkart,Beauti Products
London Girl Lip and Cheek Tint enriched with Vitamin-E ...,5,1,199,Makeup,Flipkart,Beauti Products
Hyuman Zen Body & face Razor Combo Pack |1 Body + 1 Fac...,3,4,270,Makeup,Flipkart,Beauti Products
BARE ANATOMY Curl Defining Shampoo | Curl Retention & 2...,4.5,160,339,Makeup,Flipkart,Beauti Products
Velvetree 33051090,3.6,17,449,Makeup,Flipkart,Beauti Products
Vilvah Store Grapefruit Lip balm for Dark Lips to light...,4.3,779,228,Makeup,Flipkart,Beauti Products
TNW - The Natural Wash Tinted Lip Balm for Shine & Natu...,4.3,327,244,Makeup,Flipkart,Beauti Products
TUMR ROSE GOLD EYESHADOW + NUDE 18 COLOR + 36H EYELINER...,3.8,397,375,Makeup,Flipkart,Beauti Products
AZAH Electric Callus Remover | Feet Care| Removes Dead ...,4.1,415,"1,099",Makeup,Flipkart,Beauti Products
OZONE Glo Radiance Intense Moisturizing & Revitalizing ...,4.3,129,629,Makeup,Flipkart,Beauti Products
LILIUM Skin Smoothening Face & Body Papaya Scrub With P...,4.5,17,249,Makeup,Flipkart,Beauti Products
Be Bodywise 1% Salicylic Acid Body Wash | Prevents Body...,4.2,"19,453",349,Makeup,Flipkart,Beauti Products
Jain Kumkumadi Lepam 30g Ayurvedic Fairness Cream (Pack...,3.8,"1,096",223,Makeup,Flipkart,Beauti Products
MILAP Organic Lip Cheek & Tint with Free Applicator | D...,3.9,"1,046",225,Makeup,Flipkart,Beauti Products
MELANO TX CREAM,4.1,44,287,Makeup,Flipkart,Beauti Products
O3+ Shine & Glow Meladerm Gel Cream SPF 30 Non Sticky B...,3.9,85,651,Makeup,Flipkart,Beauti Products
"Earth Rhythm Tamanu Facial Oil, Reduces Fine Lines & Wr...",4.5,116,449,Makeup,Flipkart,Beauti Products
TNW - The Natural Wash Rose Gold Oil with 24k Gold Leav...,4.4,137,556,Makeup,Flipkart,Beauti Products
deconstruct Beginners Exfoliating Serum | Brightens & S...,4,63,608,Makeup,Flipkart,Beauti Products
Inlife Natural Papaya Skin Lightening and Revitalizing ...,3.7,957,219,Makeup,Flipkart,Beauti Products
"Earth Rhythm Amla Facial Oil, Reduces Dark Spots & Wrin...",4.2,119,359,Makeup,Flipkart,Beauti Products
Ikin Skin Whitening Hair Remover Cream Cream,4.2,970,121,Makeup,Flipkart,Beauti Products
Shahnaz Husain Diamond Plus Facial Kit,3.7,558,728,Makeup,Flipkart,Beauti Products
MILAP Organic Lip Cheek&Eye Tint with Free Applicator|D...,3.9,"1,046",202,Makeup,Flipkart,Beauti Products
Organic Harvest Facial Kit| Cleanses & Rejuvenates Skin...,4.5,105,544,Makeup,Flipkart,Beauti Products
"Engage Fantasia Perfume, Long Lasting, Floral & Spicy,F...",4.1,436,360,Makeup,Flipkart,Beauti Products
NEUD Luxury Perfumes for Women - 1 Pack (6 Vials x 10ml...,4.1,"3,068",261,Makeup,Flipkart,Beauti Products
MARS 6 Shade illuminating and Blusher Palette Highlight...,4.3,"3,326",249,Makeup,Flipkart,Beauti Products
"Earth Rhythm Nettle Facial Oil, Deeply Nourish, Soothes...",4.4,10,396,Makeup,Flipkart,Beauti Products
Vcare Skin Whitening Cream for All Skin Types|Remove Ta...,3.8,221,846,Makeup,Flipkart,Beauti Products
Aryanveda Gold Bleach Cream For Glowing Skin & Remove U...,4.3,16,399,Makeup,Flipkart,Beauti Products
LOTUS HERBALS WhiteGlow Vitamin-C Radiance Creme SPF 20,4.2,927,212,Makeup,Flipkart,Beauti Products
khadi ORGANIQUE Natural Aloevera Moisturizer Maintain N...,3.9,12,149,Makeup,Flipkart,Beauti Products
Lotus Professional Dermo Spa Brazilian Age Defying Nigh...,4.3,409,783,Makeup,Flipkart,Beauti Products
Salon In A box De-Tan Liposoluble Wax for Body | For Al...,4.2,72,801,Makeup,Flipkart,Beauti Products
Sanfe Bum Hair Removing Razor for women with mid pivot ...,3.7,123,437,Makeup,Flipkart,Beauti Products
BLUE HEAVEN Kiss & Blush Lip & Cheek Tint -Rose Dusk Ro...,4.4,22,247,Makeup,Flipkart,Beauti Products
Trycone Lip Lightening Balm for Dark Lips with Vitamin ...,3.9,891,248,Makeup,Flipkart,Beauti Products
Mamaearth Naturally Matte Lip Serum - Matte Liquid Lips...,4.2,"4,221",490,Makeup,Flipkart,Beauti Products
"GARNIER Skin Naturals, Micellar Cleansing Water Makeup ...",4.4,"51,808",193,Makeup,Flipkart,Beauti Products
MAYBELLINE NEW YORK Colossal Eyeliner 3 ml,4.3,"1,24,418",180,Makeup,Flipkart,Beauti Products
MARS Ultra Curl Long lasting Fabulash Mascara 12 ml,4.3,"50,481",189,Makeup,Flipkart,Beauti Products
MAYBELLINE NEW YORK Fit Me Matte+Poreless Liquid Tube F...,4.2,"1,86,205",182,Makeup,Flipkart,Beauti Products
SWISS BEAUTY Long lasting Misty Finish Professional Mak...,4.1,"59,307",217,Makeup,Flipkart,Beauti Products
"GARNIER Skin Naturals, Micellar Oil-Infused Cleansing W...",4.4,"21,842",266,Makeup,Flipkart,Beauti Products
Lakmé Sun Expert Ultra Matte SPF 40 PA+++ Compact,4.3,"1,83,535",247,Makeup,Flipkart,Beauti Products
dazller Lipcolour All Day -,4.2,"4,561",186,Makeup,Flipkart,Beauti Products
"dazller Eyeliner Waterproof, 9.5 ml",4.1,187,90,Makeup,Flipkart,Beauti Products
Nourish Mantra Dark Lips Tinted Lip Balm with SPF Made ...,4.2,"5,883",243,Makeup,Flipkart,Beauti Products
WishCare Tinted Ceramide Lip Balm with SPF50 PA+++ - Ko...,4.2,"1,393",244,Makeup,Flipkart,Beauti Products
SWISS BEAUTY Waterproof Volume| Smudge proof Curling Ma...,4.2,"9,337",194,Makeup,Flipkart,Beauti Products
"MAYBELLINE NEW YORK Colossal Kajal Pack Of 2, Intense C...",4.4,"1,45,867",215,Makeup,Flipkart,Beauti Products
MAYBELLINE NEW YORK Colossal Waterproof Mascara| Volumi...,4.3,"49,130",299,Makeup,Flipkart,Beauti Products
SWISS BEAUTY Double Trouble Contour & Highlighter Stick...,3.9,289,262,Makeup,Flipkart,Beauti Products
The Derma Co 2% Niacinamide High Coverage with 1% Hyalu...,4.1,105,736,Makeup,Flipkart,Beauti Products
"THR3E STROKES Nail Cutter for Men & Women,Podiatrist To...",3.9,"2,151",215,Makeup,Flipkart,Beauti Products
charmacy milano Matte Foundation 02 - Instant Hydrating...,4.2,593,"1,066",Makeup,Flipkart,Beauti Products
The Derma Co 1% Ceramide Complex Balm with Ceramides & ...,4,"1,241",282,Makeup,Flipkart,Beauti Products
SUGAR POP Longwear Kajal - 01,4.2,"39,781",143,Makeup,Flipkart,Beauti Products
Bella vita organic GrowBrow - Eye Brows EyeLash Hair Gr...,4,"9,797",261,Makeup,Flipkart,Beauti Products
SWISS BEAUTY Real Makeup Base Hightlighting Primer - 3...,4.2,"23,820",341,Makeup,Flipkart,Beauti Products
MAYBELLINE NEW YORK Ananyas Colossal Favorites Kit - Ma...,4.5,"52,795",540,Makeup,Flipkart,Beauti Products
SUGAR Cosmetics Contour De Force Mini Blush,4.4,"9,906",333,Makeup,Flipkart,Beauti Products
The Derma Co 2% Niacinamide Hydrating BB Cream with 1% ...,3.9,"5,393",350,Makeup,Flipkart,Beauti Products
MAYBELLINE NEW YORK Fit Me Matte + Poreless Powder|16H ...,4.3,"1,59,714",167,Makeup,Flipkart,Beauti Products
SUGAR POP Matte Eyeliner - 01 Black 4.5 ml,4.3,"24,492",175,Makeup,Flipkart,Beauti Products
Embroidered Semi Stitched Lehenga Choli,0,0,379,Lahenga,Flipkart,Cloth
Embroidered Semi Stitched Lehenga Choli,0,0,729,Lahenga,Flipkart,Cloth
Embroidered Semi Stitched Lehenga Choli,0,0,669,Lahenga,Flipkart,Cloth
Embroidered Semi Stitched Lehenga Choli,0,0,669,Lahenga,Flipkart,Cloth
Embroidered Semi Stitched Lehenga Choli,0,0,749,Lahenga,Flipkart,Cloth
Embroidered Semi Stitched Lehenga Choli,0,0,493,Lahenga,Flipkart,Cloth
Self Design Semi Stitched Lehenga Choli,0,0,739,Lahenga,Flipkart,Cloth
Printed Semi Stitched Lehenga Choli,0,0,439,Lahenga,Flipkart,Cloth
"Embellished, Self Design Semi Stitched Lehenga Choli",0,0,339,Lahenga,Flipkart,Cloth
Embroidered Semi Stitched Lehenga Choli,0,0,726,Lahenga,Flipkart,Cloth
Embroidered Semi Stitched Lehenga Choli,0,0,749,Lahenga,Flipkart,Cloth
Embroidered Semi Stitched Lehenga Choli,0,0,439,Lahenga,Flipkart,Cloth
Embroidered Semi Stitched Lehenga Choli,0,0,439,Lahenga,Flipkart,Cloth
Self Design Semi Stitched Lehenga Choli,0,0,746,Lahenga,Flipkart,Cloth
Embroidered Semi Stitched Lehenga Choli,0,0,490,Lahenga,Flipkart,Cloth
Embroidered Semi Stitched Lehenga Choli,0,0,559,Lahenga,Flipkart,Cloth
Embroidered Semi Stitched Lehenga Choli,0,0,729,Lahenga,Flipkart,Cloth
Embroidered Semi Stitched Lehenga Choli,0,0,729,Lahenga,Flipkart,Cloth
Printed Semi Stitched Lehenga Choli,0,0,746,Lahenga,Flipkart,Cloth
Embroidered Semi Stitched Lehenga Choli,0,0,359,Lahenga,Flipkart,Cloth
Embroidered Semi Stitched Lehenga Choli,0,0,372,Lahenga,Flipkart,Cloth
Embellished Semi Stitched Lehenga Choli,0,0,399,Lahenga,Flipkart,Cloth
Embellished Semi Stitched Lehenga Choli,0,0,399,Lahenga,Flipkart,Cloth
Embroidered Semi Stitched Lehenga Choli,0,0,499,Lahenga,Flipkart,Cloth
Embroidered Semi Stitched Lehenga Choli,0,0,999,Lahenga,Flipkart,Cloth
"Floral Print, Printed Semi Stitched Lehenga Choli",0,0,"1,999",Lahenga,Flipkart,Cloth
Printed Semi Stitched Lehenga Choli,0,0,746,Lahenga,Flipkart,Cloth
Embroidered Semi Stitched Lehenga Choli,0,0,559,Lahenga,Flipkart,Cloth
Printed Semi Stitched Lehenga Choli,0,0,746,Lahenga,Flipkart,Cloth
Embroidered Semi Stitched Lehenga Choli,0,0,999,Lahenga,Flipkart,Cloth
Embroidered Semi Stitched Lehenga Choli,0,0,632,Lahenga,Flipkart,Cloth
Embroidered Semi Stitched Lehenga Choli,0,0,"1,299",Lahenga,Flipkart,Cloth
Embellished Semi Stitched Lehenga Choli,0,0,"1,284",Lahenga,Flipkart,Cloth
Self Design Semi Stitched Lehenga Choli,0,0,869,Lahenga,Flipkart,Cloth
Self Design Semi Stitched Lehenga Choli,0,0,729,Lahenga,Flipkart,Cloth
Embroidered Semi Stitched Lehenga Choli,0,0,799,Lahenga,Flipkart,Cloth
Embroidered Semi Stitched Lehenga Choli,0,0,729,Lahenga,Flipkart,Cloth
Embellished Semi Stitched Lehenga Choli,0,0,399,Lahenga,Flipkart,Cloth
Floral Print Semi Stitched Lehenga Choli,0,0,969,Lahenga,Flipkart,Cloth
Embellished Semi Stitched Lehenga Choli,0,0,869,Lahenga,Flipkart,Cloth
Self Design Semi Stitched Lehenga Choli,0,0,746,Lahenga,Flipkart,Cloth
Graphic Print Semi Stitched Lehenga Choli,0,0,788,Lahenga,Flipkart,Cloth
Floral Print Semi Stitched Lehenga Choli,0,0,869,Lahenga,Flipkart,Cloth
Embellished Semi Stitched Lehenga Choli,0,0,869,Lahenga,Flipkart,Cloth
Embroidered Semi Stitched Lehenga Choli,0,0,638,Lahenga,Flipkart,Cloth
Self Design Semi Stitched Lehenga Choli,0,0,387,Lahenga,Flipkart,Cloth
Embroidered Semi Stitched Lehenga Choli,0,0,465,Lahenga,Flipkart,Cloth
Embroidered Semi Stitched Lehenga Choli,0,0,799,Lahenga,Flipkart,Cloth
Floral Print Semi Stitched Lehenga Choli,0,0,849,Lahenga,Flipkart,Cloth
Embellished Semi Stitched Lehenga Choli,0,0,"1,299",Lahenga,Flipkart,Cloth
Embroidered Semi Stitched Lehenga Choli,0,0,769,Lahenga,Flipkart,Cloth
Floral Print Semi Stitched Lehenga Choli,0,0,969,Lahenga,Flipkart,Cloth
Floral Print Semi Stitched Lehenga Choli,0,0,869,Lahenga,Flipkart,Cloth
Embroidered Semi Stitched Lehenga Choli,0,0,422,Lahenga,Flipkart,Cloth
Embellished Semi Stitched Lehenga & Crop Top,0,0,"1,566",Lahenga,Flipkart,Cloth
"Bandhani, Embroidered, Self Design, Digital Print Semi ...",0,0,399,Lahenga,Flipkart,Cloth
Embellished Semi Stitched Lehenga Choli,0,0,869,Lahenga,Flipkart,Cloth
Self Design Semi Stitched Lehenga Choli,0,0,869,Lahenga,Flipkart,Cloth
"Embroidered, Floral Print, Self Design, Striped, Chevro...",0,0,749,Lahenga,Flipkart,Cloth
Polka Print Semi Stitched Lehenga Choli,0,0,613,Lahenga,Flipkart,Cloth
Self Design Semi Stitched Lehenga Choli,0,0,749,Lahenga,Flipkart,Cloth
Solid Semi Stitched Lehenga Choli,0,0,759,Lahenga,Flipkart,Cloth
Solid Semi Stitched Lehenga Choli,0,0,869,Lahenga,Flipkart,Cloth
Embroidered Semi Stitched Lehenga Choli,0,0,623,Lahenga,Flipkart,Cloth
"Solid, Embellished Semi Stitched Lehenga Choli",0,0,869,Lahenga,Flipkart,Cloth
Self Design Semi Stitched Lehenga Choli,0,0,729,Lahenga,Flipkart,Cloth
Embroidered Semi Stitched Lehenga Choli,0,0,569,Lahenga,Flipkart,Cloth
Embroidered Semi Stitched Lehenga Choli,0,0,298,Lahenga,Flipkart,Cloth
ALL.NATION.IMPEX Double apple brainfreezer Paan kiwi Ho...,3.5,173,299,Home Decor,Flipkart,Decorative Item
Mysticoal Analog 30 cm X 30 cm Wall Clock,3.8,"12,986",252,Home Decor,Flipkart,Decorative Item
Royalbox Meditating Buddha Statue For Home Decor Idol D...,4.2,"8,234",189,Home Decor,Flipkart,Decorative Item
"TIED RIBBONS Monk Figurines Showpiece for Home, Office ...",4.4,"10,423",199,Home Decor,Flipkart,Decorative Item
Chhariya Crafts Metal Feng Shui Tortoise On Plate Showp...,4.1,"6,568",279,Home Decor,Flipkart,Decorative Item
Ryme Vastu / Feng Shui Om Rudraksha Wind Chime For Outd...,3.8,"9,448",229,Home Decor,Flipkart,Decorative Item
WALLMAX African Lady UV Textured Home Decorative Digita...,4.3,665,256,Home Decor,Flipkart,Decorative Item
Chhariya Crafts Metal Radha Krishna Idol For Home And O...,4.2,"1,028",309,Home Decor,Flipkart,Decorative Item
Miss Peach Religious Idols of Lord Shiva Smoke Backflow...,3.8,"5,976",169,Home Decor,Flipkart,Decorative Item
REPISH ™ CURTAIN FAIRY LIGHT Multicolored Copper Wire F...,4.4,20,426,Home Decor,Flipkart,Decorative Item
Bikri Kendra 100 cm sun golden - 3D mirror acrylic wall...,4.2,"4,906",219,Home Decor,Flipkart,Decorative Item
saf Ram Lalla MDF Cutout of Ram Lalla Statue in Ayodhya...,4.1,901,199,Home Decor,Flipkart,Decorative Item
saf Digital Reprint 18 inch x 12 inch Painting,4.1,"22,080",135,Home Decor,Flipkart,Decorative Item
saf 7 Running horses Vastu UV textured Digital Reprint ...,4,"8,390",159,Home Decor,Flipkart,Decorative Item
UZANIYA 1000 cm Self Adhesive Wall Papers for Wall 45 X...,4.1,"5,512",333,Home Decor,Flipkart,Decorative Item
AJANTA Analog 35 cm X 33 cm Wall Clock,4.1,631,359,Home Decor,Flipkart,Decorative Item
Kadio Analog rose pink Clock,3.9,"1,868",399,Home Decor,Flipkart,Decorative Item
saf FLORAL SET OF 3 HEXAGON UV COATED DIGITAL REPRINT P...,4.1,"11,708",127,Home Decor,Flipkart,Decorative Item
HOMEMATES Floral & Botanical Green Wallpaper,3.8,"1,546",199,Home Decor,Flipkart,Decorative Item
Kadio Analog 28 cm X 28 cm Wall Clock,3.9,"1,864",399,Home Decor,Flipkart,Decorative Item
Khatu Crafts Printed Radhakrishna Two Box Key Holder Wo...,4,"7,147",99,Home Decor,Flipkart,Decorative Item
Misr Puff Russian Base 18.5 inch Glass Hookah,3.8,"5,960",328,Home Decor,Flipkart,Decorative Item
GULLAK Mac 36,4.1,"10,455",139,Home Decor,Flipkart,Decorative Item
SEHAZ ARTWORKS AlbumsPinkRoses_4*6_104Photos Album,4,"8,482",299,Home Decor,Flipkart,Decorative Item
Bikri Kendra 12 cm Hexagon 30 Hexagon Acrylic Abstract ...,4.1,740,269,Home Decor,Flipkart,Decorative Item
KOTART Modern Art Framed Paintings for Living Room Pain...,3.7,3,939,Home Decor,Flipkart,Decorative Item
Miss Peach Handicrafted Meditating Monk Buddha Smoke Ba...,4.1,"2,933",169,Home Decor,Flipkart,Decorative Item
Miss Peach Handcrafted Lord Ganesha Idols for home deco...,4.4,"2,251",139,Home Decor,Flipkart,Decorative Item
HOMEMATES 304.8 cm Wall Waterproof & 100% Removable PVC...,4,"2,464",189,Home Decor,Flipkart,Decorative Item
Metier Bong,4.1,55,598,Home Decor,Flipkart,Decorative Item
Chhariya Crafts Laxmi Ganesh Saraswati With Diya Decora...,4.3,"6,198",299,Home Decor,Flipkart,Decorative Item
Royalbox Home Décor Buddha Statue For Home Decoration B...,4.4,"1,045",189,Home Decor,Flipkart,Decorative Item
Royalbox Golden Handcrafted buddha Palm Buddha for home...,4.2,"3,147",149,Home Decor,Flipkart,Decorative Item
infinity lines int Metal Wall Art,4.1,38,"3,047",Home Decor,Flipkart,Decorative Item
Bikri Kendra 12 cm Hexagon 30 golden - 3d acrylic mirro...,3.8,"3,305",299,Home Decor,Flipkart,Decorative Item
Royalbox Meditating Buddha Statue For Home Decor Idol/S...,4.3,"11,262",202,Home Decor,Flipkart,Decorative Item
eCraftIndia Adiyogi Shiva Statue Decorative Showpiece ...,4.5,"1,334",150,Home Decor,Flipkart,Decorative Item
Om Shanthi Cow Ghee diya Cotton Table Diya,4.4,800,264,Home Decor,Flipkart,Decorative Item
Painting Mantra Wood Wall Photo Frame,4.2,993,"1,299",Home Decor,Flipkart,Decorative Item
saf Radha Krishna Religious UV Textured Wall for Home d...,4.3,"4,953",212,Home Decor,Flipkart,Decorative Item
CAPIO ART Yoga Mudra with Mobile Stand Wood Key Holder,3.9,"3,666",169,Home Decor,Flipkart,Decorative Item
"Naturaly Artificial Bonsoi Plant for hone decoration,of...",3.9,"2,519",209,Home Decor,Flipkart,Decorative Item
Khatu Crafts Om Swastik Key holder for home / office / ...,4,"37,996",99,Home Decor,Flipkart,Decorative Item
Artvibes Kitchen Wall Hanging Decoration for Home Decor...,4.4,142,229,Home Decor,Flipkart,Decorative Item
Painting Mantra Wood Wall Photo Frame,4.2,920,949,Home Decor,Flipkart,Decorative Item
Arpita Crafts Wooden 2 Pocket Pen Stand Om Swastik 8 Ho...,4,"22,200",169,Home Decor,Flipkart,Decorative Item
Xtenshion Crafts Wooden Wall Mount Tv Set Up Box Stand ...,3.9,"20,575",287,Home Decor,Flipkart,Decorative Item
Mystica Glass modern Name Plate,4.3,98,815,Home Decor,Flipkart,Decorative Item
MAHISON LIFESTYLE Gun-Shape-silver 14 inch Iron Hookah,3.8,"1,025",341,Home Decor,Flipkart,Decorative Item
Puff Smart Metal Bong Shooter Filters 12cm 5 Pcs Alumin...,4.2,972,186,Home Decor,Flipkart,Decorative Item
Chhariya Crafts Radha Krishna Idol Statue with Diya Pea...,4.3,"6,089",349,Home Decor,Flipkart,Decorative Item
BECKON VENTURE Handcrafted Lord Ganesha Idols for home ...,4.4,"2,594",225,Home Decor,Flipkart,Decorative Item
WallBerry 45 cm X 45 cm X 1.5mm X 20 Tiles (Area Cover ...,4.2,163,"3,299",Home Decor,Flipkart,Decorative Item
Painting Mantra Wood Wall Photo Frame,4.3,"1,435",929,Home Decor,Flipkart,Decorative Item
Royalbox Small Shivling for Home Temple and Office Deco...,4.4,"1,738",129,Home Decor,Flipkart,Decorative Item
Chhariya Crafts Pair of Kissing Duck Love Bird Metal Gi...,3.9,"2,826",259,Home Decor,Flipkart,Decorative Item
HOMEMATES 304 cm Wall Stickers Waterproof & 100% Remova...,3.8,506,299,Home Decor,Flipkart,Decorative Item
FRIZZY ARTS Hanuman Ji Framed Painting | Hanuman Ji | D...,4.5,525,355,Home Decor,Flipkart,Decorative Item
Chhariya Crafts Metal Krishna With Religious Kamdhenu C...,4.2,942,479,Home Decor,Flipkart,Decorative Item
Fashion Bizz Set of 4 Baby Monk Hat Buddha Figurines - ...,4.2,"4,276",299,Home Decor,Flipkart,Decorative Item
BECKON VENTURE Handcrafted Lord Ganesha Idols for home ...,4.2,446,225,Home Decor,Flipkart,Decorative Item
HOMEMATES 304.8 cm Self Adhesive Stickers Waterproof Vi...,3.9,593,280,Home Decor,Flipkart,Decorative Item
RosaStella 304.8 cm Self Adhesive Stickers Waterproof V...,3.8,677,299,Home Decor,Flipkart,Decorative Item
WallBerry 45 cm X 45 cm X 1.5mm X 15 Tiles (Area Cover ...,4.2,163,"2,499",Home Decor,Flipkart,Decorative Item
Indianara FLORAL WITHOUT GLASS Digital Reprint 13 inch ...,4.2,"6,128",269,Home Decor,Flipkart,Decorative Item
saf Peacock Set of 3 Digital Reprint 12 inch x 18 inch ...,4,"2,763",136,Home Decor,Flipkart,Decorative Item
CamPure Cone Air Freshener - Original - Pack of 1 Potpo...,4.2,"1,133",199,Home Decor,Flipkart,Decorative Item
Fabaura Wooden Wall Hanging Decoration Artwork Decorati...,4.4,132,379,Home Decor,Flipkart,Decorative Item
Masstone Radha Krishna with Flute Religious 5 Piece Pan...,4.5,"2,515",210,Home Decor,Flipkart,Decorative Item
Appraise Home Impex Qt Luster Mini Golden Glass 12 inch...,3.5,"1,123",168,Home Decor,Flipkart,Decorative Item
R&P ENTERPRISE Analog 65 cm X 35 cm Wall Clock,4.1,"34,930",259,Home Decor,Flipkart,Decorative Item
CamPure Cone Original & Sandalwood - Pack of 2 Potpourr...,4.2,"1,093",358,Home Decor,Flipkart,Decorative Item
Artvibes Colorful Elephants Wall And Door Hanging Decor...,4.4,384,299,Home Decor,Flipkart,Decorative Item
"krishnagallery1 G Marble Ganesh Murti Kamal ganesh, Gan...",4.2,28,997,Home Decor,Flipkart,Decorative Item
Chhariya Crafts Set of 3 gold Elephant Idol & Showpiece...,3.9,"1,197",199,Home Decor,Flipkart,Decorative Item
Brothers Creation Shree Ram Table Decoration Office Des...,4.1,11,180,Home Decor,Flipkart,Decorative Item
CADDLE & TOES Famous Car Remote Control 3D with LED Lig...,3.5,"7,778",449,Toys,Flipkart,Toys
MeShear 55'' Trampoline with U Shaped leg Safety net St...,3,5,"3,899",Toys,Flipkart,Toys
J K INTERNATIONAL 3 in 1 Kitchen Suitcase for Kids Mini...,4.2,"9,497",379,Toys,Flipkart,Toys
"TAPUJI Dancing Cactus Repeats What You Say,Electronic P...",3.9,"24,391",279,Toys,Flipkart,Toys
Hunk shopper's Cactus Talking Toy Dancing Cactus Repeat...,4,"4,902",289,Toys,Flipkart,Toys
"K A Enterprises 4 pack Monster truck cars,push and go t...",4.1,933,207,Toys,Flipkart,Toys
Sotnof Smart Activity Learning & educational Geometry S...,4.3,"3,767",160,Toys,Flipkart,Toys
KOBBET Doctor Play Set Medical Carry-case Nurses Toy Se...,3.7,"4,110",219,Toys,Flipkart,Toys
Skillmatics Magical Scratch Art Book for Kids - Unicorn...,4.1,26,569,Toys,Flipkart,Toys
eston Sofa for Kids Soft Plush Mickey Cushion Baby Seat...,4,"8,262",389,Toys,Flipkart,Toys
DUGGI MUGGI BABY TRICYCLE FOR KIDS TRICYCLE RECOMMENDED...,3.7,"2,248","1,249",Toys,Flipkart,Toys
Neel Mini Monster Trucks Friction Powered Cars for Kids...,4.3,"1,802",199,Toys,Flipkart,Toys
fizz Mini Monster Trucks Friction Powered Cars for Kids...,4.1,"9,097",164,Toys,Flipkart,Toys
HKC HOUSE 3 in 1 Portable Cooking Set Kitchen Play Set ...,4.1,569,399,Toys,Flipkart,Toys
"Pandaoriginals Ninja Ev With Music And Lights, Forward ...",3.9,375,"2,999",Toys,Flipkart,Toys
HKC HOUSE Baby Play Gym Kick and Play Piano Mat Newborn...,3.9,300,631,Toys,Flipkart,Toys
ZARQITO Magic practice copy book for preschool child 4B...,4.1,"3,361",196,Toys,Flipkart,Toys
"Pandaoriginals Ninja Ev With Music And Lights, Forward ...",3.9,375,"2,999",Toys,Flipkart,Toys
DUGGI MUGGI BABY TRICYCLE FOR KIDS |GIRL | BOY for age ...,3.7,"2,248","1,249",Toys,Flipkart,Toys
Toy Street 37 Key Piano Toy Keyboard for Kids with Mic ...,3.8,"2,914",648,Toys,Flipkart,Toys
LWF Unbreakable Pull Back Texi Car Truck Bus Plane Toy ...,4.1,"1,209",389,Toys,Flipkart,Toys
J K INTERNATIONAL 2 in 1 Xylophone and Piano Toy,4.4,264,199,Toys,Flipkart,Toys
PRAYOMA ENTERPRISE Jumbo Size Happy Birthday Kids Play ...,3.9,"4,382",399,Toys,Flipkart,Toys
"ODELEE Rider Pro Scooty with Side Stand, 3 Adjustable H...",4.1,112,"1,599",Toys,Flipkart,Toys
Learn With Fun Set of 8 Pcs with Various Exciting Toys ...,4.3,"7,858",228,Toys,Flipkart,Toys
ZUNBELLA Dancing Cactus 120 Songs for Baby + Record You...,3.7,10,290,Toys,Flipkart,Toys
pleasing forest melamine 11 inch deluxe melamine banana...,3.9,505,459,Plates,Flipkart,Utensils
TORPPEZA Brass plain heavy plate (Size - 12.4cm) Half P...,3.1,16,598,Plates,Flipkart,Utensils
LEROYAL Regular Khumcha/Thali/Dinner Plate Dinner Plate,4.1,81,575,Plates,Flipkart,Utensils
LEROYAL Family Pack Thali/Khumcha Dinner Plate,4,"3,587","1,054",Plates,Flipkart,Utensils
LEROYAL Classy & Designer Thali Dinner Plate,4,"3,587",628,Plates,Flipkart,Utensils
Nirvika Stainless Steel Serving Tray/lemon Platter with...,4.1,339,359,Plates,Flipkart,Utensils
SAHU TRADERS microwave safe plate unbreakable '11 inch ...,4.2,107,499,Plates,Flipkart,Utensils
carry Full Size Plastic Plate Microwave Safe & Unbreaka...,3.7,80,389,Plates,Flipkart,Utensils
LIMETRO STEEL 6 Pcs Heavy Gauge Stainless Steel Laser H...,4,"2,699",369,Plates,Flipkart,Utensils
TORPPEZA Brass Flower Print Plate for pooja (Size - 6in...,3.9,19,319,Plates,Flipkart,Utensils
Perfectdine Melamine Dinner & Lunch Plate Round Floral ...,3.6,12,699,Plates,Flipkart,Utensils
WEKTU Stainless Steel 5 in 1 LUNCH/DINNER/BHOJAN Thali ...,4.1,219,227,Plates,Flipkart,Utensils
GALOOF Heavy gauge stainless steel halva /breakfst/serv...,3.9,709,440,Plates,Flipkart,Utensils
Spillbox Brass Deepak Diya Oil Lamp plate for Home Temp...,3.7,736,283,Plates,Flipkart,Utensils
swift international Quarter Round Plastic Serving Plate...,3.7,60,590,Plates,Flipkart,Utensils
carry Full Size Plastic Plate Microwave Safe & Unbreaka...,3.7,80,389,Plates,Flipkart,Utensils
pleasing forest Traditional Banana Leaf Melamine Plat R...,3.9,345,499,Plates,Flipkart,Utensils
Evaware International Marble Snacks Plates for Serving ...,4.1,14,441,Plates,Flipkart,Utensils
"SAUBHAGYA Stainless Steel Aata Parat, Atta Dough Flour ...",4.1,12,449,Plates,Flipkart,Utensils
Perfectdine Melamine Dinner & Lunch Plate Border Print ...,3.2,31,699,Plates,Flipkart,Utensils
Perfectdine Melamine Dinner & Lunch Classic Design Roun...,3.2,6,499,Plates,Flipkart,Utensils
LPINE Leaf Shape Stackable Snack Platter for Serving Pa...,3.9,68,299,Plates,Flipkart,Utensils
Sager Stainless Steel Lunch/Dinner Plate/Bhojan Thali 5...,4,196,299,Plates,Flipkart,Utensils
Parik Enterprises Brass Pital Parat Platter (Bronze) Pa...,3.3,3,"1,428",Plates,Flipkart,Utensils
Perfectdine Melamine Dinner & Lunch Plate Round Floral ...,3,5,699,Plates,Flipkart,Utensils
PARDEEP KHERA BHOJAN THALI SET OF 2 PIECES 5 COMPARTMEN...,4.1,"9,286",369,Plates,Flipkart,Utensils
Sumeet Stainless-Steel Heavy Gauge Dinner Plates with M...,3.4,5,636,Plates,Flipkart,Utensils
Dine With Us Unbreakable & Microwave Safe Round Printed...,3.9,662,495,Plates,Flipkart,Utensils
"Femora Borosilicate Square Dish with Handle -1700 ml, 1...",4.5,607,526,Plates,Flipkart,Utensils
BELLLA Large Size 11-inch Unbreakable Floral White Mela...,4.6,12,539,Plates,Flipkart,Utensils
BELLERBIRD (Pack of 16) Premium quality clear prisam wi...,4.2,"19,456",349,Glass,Flipkart,Utensils
BELLERBIRD (Pack of 8) Diamond Design Drinking Glass Se...,4.2,"19,456",239,Glass,Flipkart,Utensils
Sentricus (Pack of 16) Plastic Water Juice Wine Beer Gl...,4.2,"3,162",299,Glass,Flipkart,Utensils
BELLERBIRD (Pack of 16) Premium quality clear prisam wi...,4.2,"19,456",348,Glass,Flipkart,Utensils
LIMETRO STEEL (Pack of 12) Drinking Glass Set Water/Jui...,3.9,"8,786",429,Glass,Flipkart,Utensils
Sentricus (Pack of 12) Plastic Water Juice Wine Beer Gl...,4.2,"3,162",249,Glass,Flipkart,Utensils
BELLERBIRD (Pack of 6) Fruit Design Printing Transparen...,4,"1,380",196,Glass,Flipkart,Utensils
Slikvita (Pack of 12) Premium Quality 100% Unbreakable ...,3.8,5,349,Glass,Flipkart,Utensils
Sv Enterprise (Pack of 6) Aqua Crystal Clear Sturdy Wat...,4.2,140,475,Glass,Flipkart,Utensils
LIMETRO STEEL (Pack of 12) Stainless Steel G5-12 Glass ...,4.1,"2,359",499,Glass,Flipkart,Utensils
Redsky (Pack of 6) Prism Unbreakable Transparent BPA Fr...,2.3,3,249,Glass,Flipkart,Utensils
Massive Reckon (Pack of 6) Ice Cream Glass Set Water/Ju...,4.6,46,"1,199",Glass,Flipkart,Utensils
BELLERBIRD (Pack of 16) Premium quality classic Fruit P...,4,617,336,Glass,Flipkart,Utensils
Flipkart SmartBuy (Pack of 6) Plastic Unbreakable Multi...,4,"1,491",189,Glass,Flipkart,Utensils
BELLERBIRD (Pack of 6) Premium Quality Unbreakable Diam...,4.2,"19,456",216,Glass,Flipkart,Utensils
"LIMETRO STEEL (Pack of 12) Laser Printed Water, Juice a...",4,121,479,Glass,Flipkart,Utensils
BrassCity (Pack of 6) B-GL-C-P6 Glass Set Water/Juice G...,4.3,310,"1,899",Glass,Flipkart,Utensils
Ansh (Pack of 2) BSBG-2 Glass Set Water/Juice Glass,4.7,11,"1,690",Glass,Flipkart,Utensils
LIMETRO STEEL (Pack of 6) Stainless Steel Serving Glass...,3.9,"8,786",279,Glass,Flipkart,Utensils
"NAVRANG (Pack of 6) Glass Set Meenakari, Water Glass, J...",4.2,"1,466",472,Glass,Flipkart,Utensils
Slikvita (Pack of 12) Prism Pattern Water Juice Plastic...,3.6,14,349,Glass,Flipkart,Utensils
BOROSIL (Pack of 6) Vision Glass Medium - 295ml set of ...,4.4,"7,356",485,Glass,Flipkart,Utensils
BELLERBIRD (Pack of 8) Fruit Design Printing Transparen...,4,"1,380",237,Glass,Flipkart,Utensils
Windson store (Pack of 6) Glass Suitable For Drinking W...,3.9,"7,542",399,Glass,Flipkart,Utensils
LIMETRO STEEL (Pack of 12) High Quality Stainless Steel...,4,"1,899",499,Glass,Flipkart,Utensils
